Company,Url,Email,Country,City,Category,Address,Tel
Naizak˜,http://www.naizak.com˜,info@naizak.com,ksa,,,,
Mobily,http://www.mobily.com.sa,,ksa,,,,
Detecon Al Saudi Arabia,http://www.detasad.com.sa,info@detasad.com.sa,ksa,,,,
Interactive Communication,http://www.interactcom.net,info@interactcom.net,ksa,,,,
SISCOM,http://www.siscom.com.sa,info@siscom.com.sa,ksa,,,,
Intagral,http://www.intigral.net/,,ksa,,,,
IT Security Training and Solutions,http://www.i-ts2.com,careers@i-ts2.com,ksa,,,,
Beta Information Technology,http://www.betait.net/career.aspx,,ksa,,,,
Manafeth Information Technology Company,http://www.mitl.com.sa,Info@Mitl.com.sa,ksa,,,,
Tabashier,http://www.tabashier.com/,info@tabashier.com,ksa,,,,
Sqaure One Technology,http://www.squareonemea.com/,info@squareonemea.com,ksa,,,,
SAB,http://www.sab-holding.com,careers@sab-holding.com,ksa,,,,
Eram Information Technology,http://www.eram.com.sa/,info@eram.com.sa,ksa,,,,
Infofort,http://www.infofort.com,career@infofort.com,ksa,,,,
Medunet,http://www.medunet.com.sa,hr@medunet.com.sa,ksa,,,,
Al Jehat Company,http://www.jatco.com.sa,hr@jatco.com.sa,ksa,,,,
Efada,www.efadait.com,info@efadait.com,ksa,,,,
Internation System Engineering,www.ise-ltd.com/en/careers.htm,jobs@ise-ltd.com,ksa,,,,
Amerco Technical Group,http://www.arcoma-technical.com,tech.rdh@arcoma.com,ksa,,,,
AXIOS System,www.axiossystems.com,recruitment@axiossystems.com,ksa,,,,
Varsos,www.versos.com.sa,careers@versos.com.sa,ksa,,,,
BST,www.bst.com.sa,a.natto@bst.com.sa,ksa,,,,
Eram Info Tech,http://www.eraminfotech.com,jobs@eraminfotech.com,ksa,,,,
Inntree,www.inntree.com,careers@inntree.com˜,ksa,,,,
Integrated Application,www.integapps.com,careers@integapps.com,ksa,,,,
Nextel,www.nextel-sa.com,info@nextel-sa.com,ksa,,,,
Abdel Hadi Abdullah Al-Qahtani and SONS,www.ahqsons.com,nfo@ahqsons.com,ksa,,,,
G.Tech Company Ltd,www.gtechsa.com,info@gtechsa.com,ksa,,,,
ISUZU,http://aum.com.sa/index.asp,info@aum.com.sa,ksa,,,,
AST-IT,www.ast-it.com,info@ast-it.com,ksa,,,,
4D Technologies,www.4dee.net,ksa@4dee.net,ksa,,,,
Aljol Technologies,www.aljolit.com,resumes@aljolit.com,ksa,,,,
AFNAM Management and Consulting,http://www.afnam.com/index.php,,ksa,,,,
Nexcons Consultant,www.nexcons.com,faiz.ahmad@nexcons.com,ksa,,,,
Creative Business Solution,www.cbs.com.sa,hr@cbs.com.sa,ksa,,,,
DCS-SA,www.dcs-sa.com,˜info@dcs-sa.com,ksa,,,,
Rayat Technology,www.rayat.com,info@rayat.com,ksa,,,,
Future Technology,www.futuretechsa.com,hr@futuretechsa.com,ksa,,,,
Smart Way,www.smartway-me.com,info@smartway-me.com,ksa,,,,
Globinet Solution,www.globinet.net,info@globinet.net,ksa,,,,
Tuwaiq,http://www.tuwaiq.com,info@tuwaiq.com,ksa,,,,
Intergrated Solution Technology,www.intsolit.com,,ksa,,,,
RoayaTech,www.roayatech.com,jobs@roayatech.com,ksa,,,,
WavTech,www.wavetec.com,,ksa,,,,
Area Account Software,www.3a-aras.com,Job@3a-aras.com,ksa,,,,
NewVision Empower,www.newvision.com.sa,info@newvision.com.sa,ksa,,,,
NourNet,www.nour.net.sa,info@nour.net.sa,ksa,,,,
Al-Jehat Training and Solution,www.aljehat.com,,ksa,,,,
"Integrated, Services & Technologies",www.istnetworks.com,hradmin@istnetworks.com,ksa,,,,
Emerging Technologies,http://www.em-t.com.sa,hr@em-t.com.sa,ksa,,,,
SNS Group,http://www.snsgroup.com,˜jobs@saudinetworkers.com,ksa,,,,
Go Telecom˜,www.go.com.sa,,ksa,,,,
Advance Electronics Company˜,http://www.aecl.com,,ksa,,,,
Sale-CO,www.sale-co.com,˜info@sale-co.com,ksa,,,,
Shabakkat Technology,www.shabakkat.com,,ksa,,,,
Baud Telecom Company,www.btc-networks.com,careers@jed.btc.com.sa,ksa,,,,
Integrated Telecom˜,www.itc.net.sa,careers@itc.net.sa,ksa,,,,
Advance Applications,www.advanced.com.sa,jobs@advanced.com.sa,ksa,,,,
NOVIAsat,www.noviasat.net,hr@noviasat.net,ksa,,,,
Advance Technology Services,www.atservice.biz,,ksa,,,,
Consolidated Telecom,www.ctelecoms.com.sa,sales@ctelecoms.com.sa,ksa,,,,
Zamil Industries˜,www.zamilindustrial.com,info@zamilindustrial.com,ksa,,,,
Paragoneds for Gulf˜Recruitment,www.paragoneds.com,,ksa,,,,
Al-Kadi Commerance Industry,http://www.al-kadi.com,hr@al-kadi.com,ksa,,,,
Nahil Computers,www.nahil.com.sa,homoud@nahil.com.sa,ksa,,,,
Alwasail Industry Company,www.alwasail.com,info@alwasail.com,ksa,,,,
Link Development,www.linkdev.com,careers@linkdev.com,ksa,,,,
SwedTel,www.swedtel.com,swedtel@swedtel.com,ksa,,,,
Al Harbi Telecom,www.alharbitelecom.com,career@alharbitelecom.com,ksa,,,,
T.A Telecom,www.t-a-telecom.com,synergy@t-a-telecom.com,ksa,,,,
SSBS Business Solution,www.ssbs.com.sa,contact@ssbs.com.sa,ksa,,,,
MT2 Technology,www.mt2morrow.com,careers@mt2morrow.com,ksa,,,,
Trans Telecom,www.transtelecoms.com,,ksa,,,,
Nex-Tel˜,www.nextel-sa.com,info@nextel-sa.com,ksa,,,,
Regional Telecom Consultant,www.telecomconsultdubai.com,,ksa,,,,
Saudi Bugshan,www.saudibugshan.com,jobs@saudibugshan.com,ksa,,,,
Future Communication Guidance International,www.fcgi.com.sa,˜careers@fcgi.com.sa˜,ksa,,,,
Azeemi Technologies,www.azeemi-tech.com,info@azeemi-tech.com,ksa,,,,
Saudi Development and Maintenance˜,www.sademco.com,˜info@sademco.com,ksa,,,,
Tijari Telecom,www.tijaritelecom.com,info@tijaritelecom.com,ksa,,,,
Culinan Consulting,www.cullinanc.com,˜jobs@cullinanc.com,ksa,,,,
Add Vantum,www.addvantum.com,˜info@addvantum.com,ksa,,,,
Modern Telecom Company,www.moderntel.com,info@moderntel.com,ksa,,,,
Continental Technologies,www.conti-tech.com,,ksa,,,,
EXCLUS˜,www.excls.com,info@excls.com,ksa,,,,
Tawasol,www.tawasolnet.com,careers@tawasolnet.com,ksa,,,,
Saw Telecom,www.sawtelecom.com,˜info@sawtelecom.com,ksa,,,,
