s_u_cv@yahoo.com,s_u_cv@yahoo.com,,consultants,Egypt & KSA,,,
admin@today-jobs.com,admin@today-jobs.com,,consultants,Egypt & KSA,,,
cegman@cegman.com,cegman@cegman.com,,consultants,Egypt & KSA,,,
info@alfannar.com.sa,info@alfannar.com.sa,,consultants,Egypt & KSA,,,
saudi@alfannar.com.sa,saudi@alfannar.com.sa,,consultants,Egypt & KSA,,,
job@alfannar.com.sa,job@alfannar.com.sa,,consultants,Egypt & KSA,,,
enginercons@yahoo.com,enginercons@yahoo.com,,consultants,Egypt & KSA,,,
Engineerhassn1@yahoo.com,Engineerhassn1@yahoo.com,,consultants,Egypt & KSA,,,
s_u_cv@yahoo.com,s_u_cv@yahoo.com,,consultants,Egypt & KSA,,,
Engineerhassn4@yahoo.com,Engineerhassn4@yahoo.com,,consultants,Egypt & KSA,,,
eng@rp-egypt.com,eng@rp-egypt.com,,consultants,Egypt & KSA,,,
saed.hassan@egypt.com,saed.hassan@egypt.com,,consultants,Egypt & KSA,,,
eng.civ@rp-egypt.com,eng.civ@rp-egypt.com,,consultants,Egypt & KSA,,,
dubai@alfannar.com,dubai@alfannar.com,,consultants,Egypt & KSA,,,
cherine@rp-egypt.com,cherine@rp-egypt.com,,consultants,Egypt & KSA,,,
ue_cv@yahoo.com,ue_cv@yahoo.com,,consultants,Egypt & KSA,,,
info@cpas-egypt.com,info@cpas-egypt.com,,consultants,Egypt & KSA,,,
tice@talaat-imam.com,tice@talaat-imam.com,,consultants,Egypt & KSA,,,
Consult@Hamza.org,Consult@Hamza.org,,consultants,Egypt & KSA,,,
wazefaa@gmail.com,wazefaa@gmail.com,,consultants,Egypt & KSA,,,
Sabouraf@gega.net,Sabouraf@gega.net,,consultants,Egypt & KSA,,,
project@pacer.com,project@pacer.com,,consultants,Egypt & KSA,,,
mce@intouch.com,mce@intouch.com,,consultants,Egypt & KSA,,,
ehaf@ehaf.com,ehaf@ehaf.com,,consultants,Egypt & KSA,,,
jobmaster@thejobmaster.com,jobmaster@thejobmaster.com,,consultants,Egypt & KSA,,,
darcy@soficome.com.eg,darcy@soficome.com.eg,,consultants,Egypt & KSA,,,
cv@unitedrec.net,cv@unitedrec.net,,consultants,Egypt & KSA,,,
madech@link.net,madech@link.net,,consultants,Egypt & KSA,,,
tamer_tammam66@yahoo.com,tamer_tammam66@yahoo.com,,consultants,Egypt & KSA,,,
cv130@yahoo.com,cv130@yahoo.com,,consultants,Egypt & KSA,,,
fairoze_masa1@yahoo.com,fairoze_masa1@yahoo.com,,consultants,Egypt & KSA,,,
teer90@yahoo.com,teer90@yahoo.com,,consultants,Egypt & KSA,,,
g_baghdad@yahoo.com,g_baghdad@yahoo.com,,consultants,Egypt & KSA,,,
mr.khaled@el-salah.com,mr.khaled@el-salah.com,,consultants,Egypt & KSA,,,
elriada650@gmail.com,elriada650@gmail.com,,consultants,Egypt & KSA,,,
mattnukh@gmail.com,mattnukh@gmail.com,,consultants,Egypt & KSA,,,
international.cooperation@yahoo.com,international.cooperation@yahoo.com,,consultants,Egypt & KSA,,,
hu_tech_87@yahoo.com,hu_tech_87@yahoo.com,,consultants,Egypt & KSA,,,
CVS@HOTMAIL.COM,CVS@HOTMAIL.COM,,consultants,Egypt & KSA,,,
cvs@gulf-rec.com,cvs@gulf-rec.com,,consultants,Egypt & KSA,,,
samar.wa78@yahoo.com,samar.wa78@yahoo.com,,consultants,Egypt & KSA,,,
elhadaf@el-hadaf.net,elhadaf@el-hadaf.net,,consultants,Egypt & KSA,,,
mehlab_nasr@yahoo.com,mehlab_nasr@yahoo.com,,consultants,Egypt & KSA,,,
career@safari.com.sa,career@safari.com.sa,,consultants,Egypt & KSA,,,
info@cristalarabia.com,info@cristalarabia.com,,consultants,Egypt & KSA,,,
IT@mobily.com.sa,IT@mobily.com.sa,,consultants,Egypt & KSA,,,
info@aswadgroup.com,info@aswadgroup.com,,consultants,Egypt & KSA,,,
info@sapac.com.sa,info@sapac.com.sa,,consultants,Egypt & KSA,,,
support@ipowerweb.com,support@ipowerweb.com,,consultants,Egypt & KSA,,,
siec@siec.com.sa,siec@siec.com.sa,,consultants,Egypt & KSA,,,
info@aswadgroup.com,info@aswadgroup.com,,consultants,Egypt & KSA,,,
CV@ardco.com.sa,CV@ardco.com.sa,,consultants,Egypt & KSA,,,
10.Mardig@samir-photo.com,10.Mardig@samir-photo.com,,consultants,Egypt & KSA,,,
11.tifajob@yahoo.com,11.tifajob@yahoo.com,,consultants,Egypt & KSA,,,
12.careers@akte.com.sa,12.careers@akte.com.sa,,consultants,Egypt & KSA,,,
13.info@petrominoils.com,13.info@petrominoils.com,,consultants,Egypt & KSA,,,
14.jobs@aecl.com,14.jobs@aecl.com,,consultants,Egypt & KSA,,,
15.Chaoul@samir-photo.com,15.Chaoul@samir-photo.com,,consultants,Egypt & KSA,,,
16.Jobs@aas.com.sa,16.Jobs@aas.com.sa,,consultants,Egypt & KSA,,,
mrasing@kfshrc.edu.sa,mrasing@kfshrc.edu.sa,,consultants,Egypt & KSA,,,
careers@almarai.com,careers@almarai.com,,consultants,Egypt & KSA,,,
admin@umc.com.sa,admin@umc.com.sa,,consultants,Egypt & KSA,,,
info@saudichamber.org.sa,info@saudichamber.org.sa,,consultants,Egypt & KSA,,,
hrsaudi@jatco.com.sa,hrsaudi@jatco.com.sa,,consultants,Egypt & KSA,,,
natel@natel.com.sa,natel@natel.com.sa,,consultants,Egypt & KSA,,,
admin@saudifal.com.sa,admin@saudifal.com.sa,,consultants,Egypt & KSA,,,
jkawamoto@mdbio.org,jkawamoto@mdbio.org,,consultants,Egypt & KSA,,,
hrdept@alsalamircra ft.com.sa,hrdept@alsalamircra ft.com.sa,,consultants,Egypt & KSA,,,
jobs@nasco.com.sa,jobs@nasco.com.sa,,consultants,Egypt & KSA,,,
HRD@stesa.com,HRD@stesa.com,,consultants,Egypt & KSA,,,
jobs@econcepts.com.sa,jobs@econcepts.com.sa,,consultants,Egypt & KSA,,,
Recruitment@ saib.com.sa,Recruitment@ saib.com.sa,,consultants,Egypt & KSA,,,
careersaudi@ sls.com.sa,careersaudi@ sls.com.sa,,consultants,Egypt & KSA,,,
info@wec.com.sa,info@wec.com.sa,,consultants,Egypt & KSA,,,
resumes@deemah.com,resumes@deemah.com,,consultants,Egypt & KSA,,,
jobs@acssco.com,jobs@acssco.com,,consultants,Egypt & KSA,,,
info@alarkan.com,info@alarkan.com,,consultants,Egypt & KSA,,,
careers@qcc.com.sa,careers@qcc.com.sa,,consultants,Egypt & KSA,,,
career@alharbitelec om.com,career@alharbitelec om.com,,consultants,Egypt & KSA,,,
info@areeco.com,info@areeco.com,,consultants,Egypt & KSA,,,
CKT41317@biglobe.ne.jp,CKT41317@biglobe.ne.jp,,consultants,Egypt & KSA,,,
cv@alrajhibank.com.sa,cv@alrajhibank.com.sa,,consultants,Egypt & KSA,,,
intertech@intertech-pal.com,intertech@intertech-pal.com,,consultants,Egypt & KSA,,,
info@almultaka.com.sa,info@almultaka.com.sa,,consultants,Egypt & KSA,,,
g_m@alumaco.com,g_m@alumaco.com,,consultants,Egypt & KSA,,,
asdp@sdt.com.sa,asdp@sdt.com.sa,,consultants,Egypt & KSA,,,
comment@chevron.com,comment@chevron.com,,consultants,Egypt & KSA,,,
sami@suhuf.net.sa,sami@suhuf.net.sa,,consultants,Egypt & KSA,,,
s_hoshan@alsalamair craft.com.sa,s_hoshan@alsalamair craft.com.sa,,consultants,Egypt & KSA,,,
recruitment@ kjo.com.sa,recruitment@ kjo.com.sa,,consultants,Egypt & KSA,,,
webinfo@tadawul.com.sa,webinfo@tadawul.com.sa,,consultants,Egypt & KSA,,,
cfo@alsalamaircraft.com.sa,cfo@alsalamaircraft.com.sa,,consultants,Egypt & KSA,,,
info@arabexperts.com,info@arabexperts.com,,consultants,Egypt & KSA,,,
rcgc@riyadh-cables.com,rcgc@riyadh-cables.com,,consultants,Egypt & KSA,,,
sales@somac-it.com,sales@somac-it.com,,consultants,Egypt & KSA,,,
maaden@maaden.com.sa,maaden@maaden.com.sa,,consultants,Egypt & KSA,,,
almady@sabic.com,almady@sabic.com,,consultants,Egypt & KSA,,,
ses@saudico.com.sa,ses@saudico.com.sa,,consultants,Egypt & KSA,,,
ayalkhiary@arcom.com.sa,ayalkhiary@arcom.com.sa,,consultants,Egypt & KSA,,,
support@somac-it.com,support@somac-it.com,,consultants,Egypt & KSA,,,
info@saparabia.com,info@saparabia.com,,consultants,Egypt & KSA,,,
HR@sipchem.com,HR@sipchem.com,,consultants,Egypt & KSA,,,
sesdam@nournet.com.sa,sesdam@nournet.com.sa,,consultants,Egypt & KSA,,,
info@ncsc.com.sa,info@ncsc.com.sa,,consultants,Egypt & KSA,,,
info@keylink.com,info@keylink.com,,consultants,Egypt & KSA,,,
info@elm.com.sa,info@elm.com.sa,,consultants,Egypt & KSA,,,
dabbaghae@maaden.com.sa,dabbaghae@maaden.com.sa,,consultants,Egypt & KSA,,,
ceomail@nscsa.com.sa,ceomail@nscsa.com.sa,,consultants,Egypt & KSA,,,
general@nic.com.sa,general@nic.com.sa,,consultants,Egypt & KSA,,,
siec@siec.com.sa,siec@siec.com.sa,,consultants,Egypt & KSA,,,
info@mis.com.sa,info@mis.com.sa,,consultants,Egypt & KSA,,,
ceo@se.com.sa,ceo@se.com.sa,,consultants,Egypt & KSA,,,
sales@natmetalco.com,sales@natmetalco.com,,consultants,Egypt & KSA,,,
daghameen@natcom.com.sa,daghameen@natcom.com.sa,,consultants,Egypt & KSA,,,
info@arabsea.com,info@arabsea.com,,consultants,Egypt & KSA,,,
info@newera.com.sa,info@newera.com.sa,,consultants,Egypt & KSA,,,
,,,consultants,Egypt & KSA,,,
akam@arabia.com,akam@arabia.com,,consultants,Egypt & KSA,,,
alajmico@saudionlin e.com.sa,alajmico@saudionlin e.com.sa,,consultants,Egypt & KSA,,,
apmms@atco.com.sa,apmms@atco.com.sa,,consultants,Egypt & KSA,,,
abbasm@anet.sa,abbasm@anet.sa,,consultants,Egypt & KSA,,,
sales@ati.com.sa,sales@ati.com.sa,,consultants,Egypt & KSA,,,
rgalloway@smith.com,rgalloway@smith.com,,consultants,Egypt & KSA,,,
ahc@alhejailan-consultants.com,ahc@alhejailan-consultants.com,,consultants,Egypt & KSA,,,
info@alhajry-overseas.com.sa,info@alhajry-overseas.com.sa,,consultants,Egypt & KSA,,,
amsari@emailsrvc.com,amsari@emailsrvc.com,,consultants,Egypt & KSA,,,
alsuwaiket@saudionl ine.com.sa,alsuwaiket@saudionl ine.com.sa,,consultants,Egypt & KSA,,,
helpdefk@almisehal.com,helpdefk@almisehal.com,,consultants,Egypt & KSA,,,
bbanzon@al-hoty.com,bbanzon@al-hoty.com,,consultants,Egypt & KSA,,,
waleed.abuzaid@ acec-sa.com,waleed.abuzaid@ acec-sa.com,,consultants,Egypt & KSA,,,
abssa@awalnet.net.sa,abssa@awalnet.net.sa,,consultants,Egypt & KSA,,,
aqfk@sahara.com.sa,aqfk@sahara.com.sa,,consultants,Egypt & KSA,,,
mike.scott@bakeratl as.com,mike.scott@bakeratl as.com,,consultants,Egypt & KSA,,,
jihad@amcde.com,jihad@amcde.com,,consultants,Egypt & KSA,,,
ghalili@aujan.com.sa,ghalili@aujan.com.sa,,consultants,Egypt & KSA,,,
oussama@frankssaudi.com,oussama@frankssaudi.com,,consultants,Egypt & KSA,,,
harbourm@camerondiv.com,harbourm@camerondiv.com,,consultants,Egypt & KSA,,,
ed.parker@bakeroilt ools.com,ed.parker@bakeroilt ools.com,,consultants,Egypt & KSA,,,
operations.rastanur a@inspectorate.com.sa,operations.rastanur a@inspectorate.com.sa,,consultants,Egypt & KSA,,,
tariq@barwani.com,tariq@barwani.com,,consultants,Egypt & KSA,,,
aharamco@hugayet.com.sa,aharamco@hugayet.com.sa,,consultants,Egypt & KSA,,,
anwar.ahmad@ shoaibigroup.com,anwar.ahmad@ shoaibigroup.com,,consultants,Egypt & KSA,,,
ncmsdm@zajil.net,ncmsdm@zajil.net,,consultants,Egypt & KSA,,,
pi-consult@sps.net.sa,pi-consult@sps.net.sa,,consultants,Egypt & KSA,,,
george.coutts@ weatherfordsa.com,george.coutts@ weatherfordsa.com,,consultants,Egypt & KSA,,,
summit@zajil.net,summit@zajil.net,,consultants,Egypt & KSA,,,
manadmin@sayboltsa.com,manadmin@sayboltsa.com,,consultants,Egypt & KSA,,,
zomco@zamil-om.com,zomco@zamil-om.com,,consultants,Egypt & KSA,,,
abbasm@anet.sa,abbasm@anet.sa,,consultants,Egypt & KSA,,,
zparabia@saudionlin e.com.sa,zparabia@saudionlin e.com.sa,,consultants,Egypt & KSA,,,
,,,consultants,Egypt & KSA,,,
mail@acec-sa.com,mail@acec-sa.com,,consultants,Egypt & KSA,,,
wwd@smi.com.sa,wwd@smi.com.sa,,consultants,Egypt & KSA,,,
recruitmentsabb@ sabb.com,recruitmentsabb@ sabb.com,,consultants,Egypt & KSA,,,
contact@stc.com.sa,contact@stc.com.sa,,consultants,Egypt & KSA,,,
opmubarak@rediffmai l.com,opmubarak@rediffmai l.com,,consultants,Egypt & KSA,,,
ecareer@stc.com.sa,ecareer@stc.com.sa,,consultants,Egypt & KSA,,,
saudi_resume@ myway.com,saudi_resume@ myway.com,,consultants,Egypt & KSA,,,
info@hp.com.sa,info@hp.com.sa,,consultants,Egypt & KSA,,,
employment@gulfbase.com,employment@gulfbase.com,,consultants,Egypt & KSA,,,
SaudiArabia@ baesystems.com,SaudiArabia@ baesystems.com,,consultants,Egypt & KSA,,,
rcgc@riyadh-cables.com,rcgc@riyadh-cables.com,,consultants,Egypt & KSA,,,
info@saparabia.com,info@saparabia.com,,consultants,Egypt & KSA,,,
iyadfakhry@hotmail.com,iyadfakhry@hotmail.com,,consultants,Egypt & KSA,,,
info@mugbil.com,info@mugbil.com,,consultants,Egypt & KSA,,,
info@alfozan.com,info@alfozan.com,,consultants,Egypt & KSA,,,
jamshed@smbasuliman.com,jamshed@smbasuliman.com,,consultants,Egypt & KSA,,,
ali@baasem.com,ali@baasem.com,,consultants,Egypt & KSA,,,
sales@gcspaints.com,sales@gcspaints.com,,consultants,Egypt & KSA,,,
cv@cv2005.worldispn etwork.com,cv@cv2005.worldispn etwork.com,,consultants,Egypt & KSA,,,
edris@haj.com.sa,edris@haj.com.sa,,consultants,Egypt & KSA,,,
mansoork45@hotmail.com,mansoork45@hotmail.com,,consultants,Egypt & KSA,,,
,,,consultants,Egypt & KSA,,,
careers@saudi.switzgroup.com,careers@saudi.switzgroup.com,,consultants,Egypt & KSA,,,
corporate_sa@ hotmail.com,corporate_sa@ hotmail.com,,consultants,Egypt & KSA,,,
ufarook@alhokair.com.sa,ufarook@alhokair.com.sa,,consultants,Egypt & KSA,,,
jobsinmarketing2005 @rediffmail.com,jobsinmarketing2005 @rediffmail.com,,consultants,Egypt & KSA,,,
hrjed@hotpop.com,hrjed@hotpop.com,,consultants,Egypt & KSA,,,
sure@saudi.net.sa,sure@saudi.net.sa,,consultants,Egypt & KSA,,,
socproject2006@ hotmail.com,socproject2006@ hotmail.com,,consultants,Egypt & KSA,,,
aytb@qatar.net.qa,aytb@qatar.net.qa,,consultants,Egypt & KSA,,,
hr@allied-medical.com,hr@allied-medical.com,,consultants,Egypt & KSA,,,
jalal.mounayar@ gmail.com,jalal.mounayar@ gmail.com,,consultants,Egypt & KSA,,,
rec1@alfanar.com,rec1@alfanar.com,,consultants,Egypt & KSA,,,
careers@almarai.com,careers@almarai.com,,consultants,Egypt & KSA,,,
aa_waseem@yahoo.com,aa_waseem@yahoo.com,,consultants,Egypt & KSA,,,
jobsindammam@ gmail.com,jobsindammam@ gmail.com,,consultants,Egypt & KSA,,,
hr@sfc-ksa.com,hr@sfc-ksa.com,,consultants,Egypt & KSA,,,
jobsin2006@yahoo.com,jobsin2006@yahoo.com,,consultants,Egypt & KSA,,,
wahabnk@gmail.com,wahabnk@gmail.com,,consultants,Egypt & KSA,,,
info@iics.sa.com,info@iics.sa.com,,consultants,Egypt & KSA,,,
jobs@robian.com.sa,jobs@robian.com.sa,,consultants,Egypt & KSA,,,
aztracon@tri.net.sa,aztracon@tri.net.sa,,consultants,Egypt & KSA,,,
info@infoline.com.sa,info@infoline.com.sa,,consultants,Egypt & KSA,,,
adartsigns@awalnet.com.sa,adartsigns@awalnet.com.sa,,consultants,Egypt & KSA,,,
roudah@cyberia.net.sa,roudah@cyberia.net.sa,,consultants,Egypt & KSA,,,
saudi.a@rediffmail.com,saudi.a@rediffmail.com,,consultants,Egypt & KSA,,,
foodworld@mail.com,foodworld@mail.com,,consultants,Egypt & KSA,,,
fkashkash@yahoo.com,fkashkash@yahoo.com,,consultants,Egypt & KSA,,,
hrd@robian.com.sa,hrd@robian.com.sa,,consultants,Egypt & KSA,,,
admin@globemedsaudi.com,admin@globemedsaudi.com,,consultants,Egypt & KSA,,,
hotjob7@yahoo.com,hotjob7@yahoo.com,,consultants,Egypt & KSA,,,
ignou@ateico.net,ignou@ateico.net,,consultants,Egypt & KSA,,,
financerecruitem@ yahoo.com,financerecruitem@ yahoo.com,,consultants,Egypt & KSA,,,
saudianfal@yahoo.com,saudianfal@yahoo.com,,consultants,Egypt & KSA,,,
info@sony.com,info@sony.com,,consultants,Egypt & KSA,,,
topnotchpositions@ yahoo.com,topnotchpositions@ yahoo.com,,consultants,Egypt & KSA,,,
humres@alhamaco.com,humres@alhamaco.com,,consultants,Egypt & KSA,,,
hr-e@safari-e.com,hr-e@safari-e.com,,consultants,Egypt & KSA,,,
equipmentrentaljobs inuae@yahoo.com,equipmentrentaljobs inuae@yahoo.com,,consultants,Egypt & KSA,,,
jobs_wfi@yahoo.com,jobs_wfi@yahoo.com,,consultants,Egypt & KSA,,,
akelco@akel.com.sa,akelco@akel.com.sa,,consultants,Egypt & KSA,,,
sales@arabequipment est.com,sales@arabequipment est.com,,consultants,Egypt & KSA,,,
youssef.utc@ zajil.net,youssef.utc@ zajil.net,,consultants,Egypt & KSA,,,
furfab@jrec.com.sa,furfab@jrec.com.sa,,consultants,Egypt & KSA,,,
itjobs@alhokair.com.sa,itjobs@alhokair.com.sa,,consultants,Egypt & KSA,,,
gulfelite@hotmail.com,gulfelite@hotmail.com,,consultants,Egypt & KSA,,,
jobs@metco.com.sa,jobs@metco.com.sa,,consultants,Egypt & KSA,,,
shayaisd@nesma.net.sa,shayaisd@nesma.net.sa,,consultants,Egypt & KSA,,,
purchase@epcco.com,purchase@epcco.com,,consultants,Egypt & KSA,,,
ltr_c@yahoo.com,ltr_c@yahoo.com,,consultants,Egypt & KSA,,,
careersatriyadh@ yahoo.com,careersatriyadh@ yahoo.com,,consultants,Egypt & KSA,,,
recruit@anholdings.com,recruit@anholdings.com,,consultants,Egypt & KSA,,,
arch@figuresgroup.com,arch@figuresgroup.com,,consultants,Egypt & KSA,,,
baesystemsrecruitme ntext2@hr.xchanging.com,baesystemsrecruitme ntext2@hr.xchanging.com,,consultants,Egypt & KSA,,,
saudi_resume@ yahoo.com,saudi_resume@ yahoo.com,,consultants,Egypt & KSA,,,
info@dasmanfood.com.sa,info@dasmanfood.com.sa,,consultants,Egypt & KSA,,,
Recruitment@ aljomaihbev.com,Recruitment@ aljomaihbev.com,,consultants,Egypt & KSA,,,
najmi9455@yahoo.com,najmi9455@yahoo.com,,consultants,Egypt & KSA,,,
careers@aljomaihbev.com,careers@aljomaihbev.com,,consultants,Egypt & KSA,,,
hrmanager04@ yahoo.com,hrmanager04@ yahoo.com,,consultants,Egypt & KSA,,,
arbsco@yahoo.com,arbsco@yahoo.com,,consultants,Egypt & KSA,,,
TURKI_D@hotmail.com,TURKI_D@hotmail.com,,consultants,Egypt & KSA,,,
al-hassan@al-babtain-himb.com,al-hassan@al-babtain-himb.com,,consultants,Egypt & KSA,,,
breem@awalnet.net.sa,breem@awalnet.net.sa,,consultants,Egypt & KSA,,,
hr@alsuroor.com,hr@alsuroor.com,,consultants,Egypt & KSA,,,
hrconsultant_ lbn@yahoo.com,hrconsultant_ lbn@yahoo.com,,consultants,Egypt & KSA,,,
info@alnafea.com.sa,info@alnafea.com.sa,,consultants,Egypt & KSA,,,
jobs_a_m@yahoo.com,jobs_a_m@yahoo.com,,consultants,Egypt & KSA,,,
sisrecruitment@ alsuwaidi.com.sa,sisrecruitment@ alsuwaidi.com.sa,,consultants,Egypt & KSA,,,
baziad@baziad.com,baziad@baziad.com,,consultants,Egypt & KSA,,,
syed.zafer@sa.abb.com,syed.zafer@sa.abb.com,,consultants,Egypt & KSA,,,
recruiting@bravo-power.com.sa,recruiting@bravo-power.com.sa,,consultants,Egypt & KSA,,,
jobs@aecl.com,jobs@aecl.com,,consultants,Egypt & KSA,,,
karan@al-araj.com,karan@al-araj.com,,consultants,Egypt & KSA,,,
sahaider@surebeammi ddleeast.com,sahaider@surebeammi ddleeast.com,,consultants,Egypt & KSA,,,
info@al-baddad.com,info@al-baddad.com,,consultants,Egypt & KSA,,,
atlasahr@hotmail.com,atlasahr@hotmail.com,,consultants,Egypt & KSA,,,
recruitment.ksa@pwclogistics.com,recruitment.ksa@pwclogistics.com,,consultants,Egypt & KSA,,,
rec1@alfanar.com,rec1@alfanar.com,,consultants,Egypt & KSA,,,
info@saudicast.com,info@saudicast.com,,consultants,Egypt & KSA,,,
SA-Human-Resources@ sa.schneider-electric.com,SA-Human-Resources@ sa.schneider-electric.com,,consultants,Egypt & KSA,,,
auto_career@ yahoo.com,auto_career@ yahoo.com,,consultants,Egypt & KSA,,,
hr@alkhorayef.com,hr@alkhorayef.com,,consultants,Egypt & KSA,,,
recruitment.services@sa. ey.com,recruitment.services@sa. ey.com,,consultants,Egypt & KSA,,,
admin@alkhodari.com,admin@alkhodari.com,,consultants,Egypt & KSA,,,
alsaidaest@zajil.net,alsaidaest@zajil.net,,consultants,Egypt & KSA,,,
recruitment@ RCJubil.gov.sa,recruitment@ RCJubil.gov.sa,,consultants,Egypt & KSA,,,
info@aloula.com,info@aloula.com,,consultants,Egypt & KSA,,,
abdulhadi@altoukhi.com,abdulhadi@altoukhi.com,,consultants,Egypt & KSA,,,
swedishtradecouncil @gmail.com,swedishtradecouncil @gmail.com,,consultants,Egypt & KSA,,,
info@asasyah.com,info@asasyah.com,,consultants,Egypt & KSA,,,
astra@astra.com,astra@astra.com,,consultants,Egypt & KSA,,,
backfillingjob@ hotmail.com,backfillingjob@ hotmail.com,,consultants,Egypt & KSA,,,
Atlas4hr@hotmail.com,Atlas4hr@hotmail.com,,consultants,Egypt & KSA,,,
jobs@badgaish.com,jobs@badgaish.com,,consultants,Egypt & KSA,,,
jobs2005e@yahoo.com,jobs2005e@yahoo.com,,consultants,Egypt & KSA,,,
jobs@carriersaudi.com,jobs@carriersaudi.com,,consultants,Egypt & KSA,,,
scphr@saudichevron.com,scphr@saudichevron.com,,consultants,Egypt & KSA,,,
danfoss@emirates.net.ae,danfoss@emirates.net.ae,,consultants,Egypt & KSA,,,
aah1954@hotmail.com,aah1954@hotmail.com,,consultants,Egypt & KSA,,,
estimator001@ yahoo.com,estimator001@ yahoo.com,,consultants,Egypt & KSA,,,
recruitment@ damacgroup.com,recruitment@ damacgroup.com,,consultants,Egypt & KSA,,,
aly@el-zayat.com,aly@el-zayat.com,,consultants,Egypt & KSA,,,
batoul.ashi@ exel.com,batoul.ashi@ exel.com,,consultants,Egypt & KSA,,,
asif@ipc-ksa.com,asif@ipc-ksa.com,,consultants,Egypt & KSA,,,
furfab@jrec.com.sa,furfab@jrec.com.sa,,consultants,Egypt & KSA,,,
jobs.gps@sps.net.sa,jobs.gps@sps.net.sa,,consultants,Egypt & KSA,,,
v_k_000@yahoo.com,v_k_000@yahoo.com,,consultants,Egypt & KSA,,,
jobs@isys.com.sa,jobs@isys.com.sa,,consultants,Egypt & KSA,,,
edward@imc.com.sa,edward@imc.com.sa,,consultants,Egypt & KSA,,,
production.KSA@ gmail.com,production.KSA@ gmail.com,,consultants,Egypt & KSA,,,
CSM.KSA@gmail.com,CSM.KSA@gmail.com,,consultants,Egypt & KSA,,,
pmd@pmd-co.com,pmd@pmd-co.com,,consultants,Egypt & KSA,,,
jeddah_company@ yahoo.com,jeddah_company@ yahoo.com,,consultants,Egypt & KSA,,,
fax2417049@yahoo.com,fax2417049@yahoo.com,,consultants,Egypt & KSA,,,
maaden@maaden.com.sa,maaden@maaden.com.sa,,consultants,Egypt & KSA,,,
gerald.jude@ people-one.com,gerald.jude@ people-one.com,,consultants,Egypt & KSA,,,
marblek6@yahoo.com,marblek6@yahoo.com,,consultants,Egypt & KSA,,,
info@ahmedtc.com,info@ahmedtc.com,,consultants,Egypt & KSA,,,
,,,consultants,Egypt & KSA,,,
info@arce-arte.com,info@arce-arte.com,,consultants,Egypt & KSA,,,
,,,consultants,Egypt & KSA,,,
info@azahir.com,info@azahir.com,,consultants,Egypt & KSA,,,
????? ????? – ???????? ????? ???????,????? ????? – ???????? ????? ???????,,consultants,Egypt & KSA,,,
info@hofan-master.com,info@hofan-master.com,,consultants,Egypt & KSA,,,
???? ????? ??????? ???????? ????????,???? ????? ??????? ???????? ????????,,consultants,Egypt & KSA,,,
info@yamamacement.com,info@yamamacement.com,,consultants,Egypt & KSA,,,
???? ????? ????,???? ????? ????,,consultants,Egypt & KSA,,,
info@tcc-sa.com,info@tcc-sa.com,,consultants,Egypt & KSA,,,
???? ?????? ????? ???????,???? ?????? ????? ???????,,consultants,Egypt & KSA,,,
info@miic.com.sa,info@miic.com.sa,,consultants,Egypt & KSA,,,
?????? ?????????,?????? ?????????,,consultants,Egypt & KSA,,,
info@alaudah.com,info@alaudah.com,,consultants,Egypt & KSA,,,
???? ???? ???? ????? ???? ??????,???? ???? ???? ????? ???? ??????,,consultants,Egypt & KSA,,,
info@kabco.org,info@kabco.org,,consultants,Egypt & KSA,,,
??????? ???????? ???????,??????? ???????? ???????,,consultants,Egypt & KSA,,,
info@nte65.com,info@nte65.com,,consultants,Egypt & KSA,,,
???? ??? ?????? ?????? ?????????? ????????,???? ??? ?????? ?????? ?????????? ????????,,consultants,Egypt & KSA,,,
info@dar-company.com,info@dar-company.com,,consultants,Egypt & KSA,,,
???? ?? ?? ?? ????????,???? ?? ?? ?? ????????,,consultants,Egypt & KSA,,,
info@saudiabv.com.sa,info@saudiabv.com.sa,,consultants,Egypt & KSA,,,
???? ????????? ???????? ?????? ?????????,???? ????????? ???????? ?????? ?????????,,consultants,Egypt & KSA,,,
info@tasra.com.sa,info@tasra.com.sa,,consultants,Egypt & KSA,,,
??????? ????? ???????,??????? ????? ???????,,consultants,Egypt & KSA,,,
info@mhw.com.sa,info@mhw.com.sa,,consultants,Egypt & KSA,,,
???? ??? ??????? ?????????? ????????,???? ??? ??????? ?????????? ????????,,consultants,Egypt & KSA,,,
info@dom.com.sa,info@dom.com.sa,,consultants,Egypt & KSA,,,
???? ??? ??????? ??????????,???? ??? ??????? ??????????,,consultants,Egypt & KSA,,,
info@deem.com.sa,info@deem.com.sa,,consultants,Egypt & KSA,,,
????? ??? ????? ??????? ???????? ??????? ????????,????? ??? ????? ??????? ???????? ??????? ????????,,consultants,Egypt & KSA,,,
info@abualnoor.com,info@abualnoor.com,,consultants,Egypt & KSA,,,
???? ???????? ??????? ???????? ??????????,???? ???????? ??????? ???????? ??????????,,consultants,Egypt & KSA,,,
info@alashoury.com.sa,info@alashoury.com.sa,,consultants,Egypt & KSA,,,
???? ?????? ??????? ??????? ???????,???? ?????? ??????? ??????? ???????,,consultants,Egypt & KSA,,,
info@survey.com.sa,info@survey.com.sa,,consultants,Egypt & KSA,,,
????? ??????? ?????????,????? ??????? ?????????,,consultants,Egypt & KSA,,,
info@algumiah.com,info@algumiah.com,,consultants,Egypt & KSA,,,
????? ??? ???????? ??????? ??????????,????? ??? ???????? ??????? ??????????,,consultants,Egypt & KSA,,,
info@sasae.net,info@sasae.net,,consultants,Egypt & KSA,,,
????? ????? ??????? ??????????,????? ????? ??????? ??????????,,consultants,Egypt & KSA,,,
info@monasib.com,info@monasib.com,,consultants,Egypt & KSA,,,
???? ?????? ??????? ???????? ??????????,???? ?????? ??????? ???????? ??????????,,consultants,Egypt & KSA,,,
info@shairco.net,info@shairco.net,,consultants,Egypt & KSA,,,
???? ??????? ?????? ???????,???? ??????? ?????? ???????,,consultants,Egypt & KSA,,,
info@alkaltham.com.sa,info@alkaltham.com.sa,,consultants,Egypt & KSA,,,
??????? ?????????? ???????? ? ????????? ??????,??????? ?????????? ???????? ? ????????? ??????,,consultants,Egypt & KSA,,,
info@oalamoudi.com,info@oalamoudi.com,,consultants,Egypt & KSA,,,
???? ?????? ??????? ??????????,???? ?????? ??????? ??????????,,consultants,Egypt & KSA,,,
info@alatrading.com,info@alatrading.com,,consultants,Egypt & KSA,,,
?????? ????,?????? ????,,consultants,Egypt & KSA,,,
info@towodah.com.sa,info@towodah.com.sa,,consultants,Egypt & KSA,,,
????? ????????? ??????? ??????????,????? ????????? ??????? ??????????,,consultants,Egypt & KSA,,,
info@mobtkron.com,info@mobtkron.com,,consultants,Egypt & KSA,,,
???? ?????? ?????????,???? ?????? ?????????,,consultants,Egypt & KSA,,,
info@aldakheelgroup.com,info@aldakheelgroup.com,,consultants,Egypt & KSA,,,
???? ?????? ????????,???? ?????? ????????,,consultants,Egypt & KSA,,,
info@hacoreadymix.com,info@hacoreadymix.com,,consultants,Egypt & KSA,,,
?????? ???????? ??????? ??????????,?????? ???????? ??????? ??????????,,consultants,Egypt & KSA,,,
info@latifia.com,info@latifia.com,,consultants,Egypt & KSA,,,
??????? ????? ??????,??????? ????? ??????,,consultants,Egypt & KSA,,,
info@mbm.com.sa,info@mbm.com.sa,,consultants,Egypt & KSA,,,
???? ????? ???????,???? ????? ???????,,consultants,Egypt & KSA,,,
info@eastern-cement.com.sa,info@eastern-cement.com.sa,,consultants,Egypt & KSA,,,
??????? ???????? ????? ?????? – ????,??????? ???????? ????? ?????? – ????,,consultants,Egypt & KSA,,,
info@bumco.com.sa,info@bumco.com.sa,,consultants,Egypt & KSA,,,
???? ???????? ???????? ????????,???? ???????? ???????? ????????,,consultants,Egypt & KSA,,,
info@alekhtyar.com.sa,info@alekhtyar.com.sa,,consultants,Egypt & KSA,,,
???????? ??????? ??????????,???????? ??????? ??????????,,consultants,Egypt & KSA,,,
info@daralnasriya.com.sa,info@daralnasriya.com.sa,,consultants,Egypt & KSA,,,
?????? ????? ????? ???? ?????? ?????????,?????? ????? ????? ???? ?????? ?????????,,consultants,Egypt & KSA,,,
info@alhafi.net,info@alhafi.net,,consultants,Egypt & KSA,,,
???? ??????? ??????? ????????,???? ??????? ??????? ????????,,consultants,Egypt & KSA,,,
info@arabiacement.com,info@arabiacement.com,,consultants,Egypt & KSA,,,
???? ???? ??? ?????? ?????? ??????,???? ???? ??? ?????? ?????? ??????,,consultants,Egypt & KSA,,,
info@alsaleh.com.sa,info@alsaleh.com.sa,,consultants,Egypt & KSA,,,
??????? ?????? ???????? (????? ),??????? ?????? ???????? (????? ),,consultants,Egypt & KSA,,,
info@tasqeef.com,info@tasqeef.com,,consultants,Egypt & KSA,,,
????????? ???????? ??????????,????????? ???????? ??????????,,consultants,Egypt & KSA,,,
info@atco.com.sa,info@atco.com.sa,,consultants,Egypt & KSA,,,
??????? ????????,??????? ????????,,consultants,Egypt & KSA,,,
info@bahlaq.com,info@bahlaq.com,,consultants,Egypt & KSA,,,
???? ???? ????? ??????? ??????? ??????????,???? ???? ????? ??????? ??????? ??????????,,consultants,Egypt & KSA,,,
info@masco.com.sa,info@masco.com.sa,,consultants,Egypt & KSA,,,
???? ??????? ????????,???? ??????? ????????,,consultants,Egypt & KSA,,,
info@masagh.com.sa,info@masagh.com.sa,,consultants,Egypt & KSA,,,
?????? ??????? ????? ?????? ????????,?????? ??????? ????? ?????? ????????,,consultants,Egypt & KSA,,,
info@theunitedco.com,info@theunitedco.com,,consultants,Egypt & KSA,,,
???? ??????? ????????,???? ??????? ????????,,consultants,Egypt & KSA,,,
info@alalaiwi.com,info@alalaiwi.com,,consultants,Egypt & KSA,,,
???? ???? ??????? ??????? ??????? ??????????,???? ???? ??????? ??????? ??????? ??????????,,consultants,Egypt & KSA,,,
info@albinali.com,info@albinali.com,,consultants,Egypt & KSA,,,
???? ??????? ????????,???? ??????? ????????,,consultants,Egypt & KSA,,,
info@udc.com.sa,info@udc.com.sa,,consultants,Egypt & KSA,,,
??????? ??????? ?????? ???????(?????? ??????? ??????????,??????? ??????? ?????? ???????(?????? ??????? ??????????,,consultants,Egypt & KSA,,,
info@AL-FARES.COM,info@AL-FARES.COM,,consultants,Egypt & KSA,,,
????? ???? ??????? ?????? ??????? (?????),????? ???? ??????? ?????? ??????? (?????),,consultants,Egypt & KSA,,,
info@alhodaonline.com,info@alhodaonline.com,,consultants,Egypt & KSA,,,
????? ????????? ???????? ??????,????? ????????? ???????? ??????,,consultants,Egypt & KSA,,,
info@alnasir.com,info@alnasir.com,,consultants,Egypt & KSA,,,
???? ???? ????? ???????? ?????????,???? ???? ????? ???????? ?????????,,consultants,Egypt & KSA,,,
info@nagadi.com,info@nagadi.com,,consultants,Egypt & KSA,,,
?????? ??????? ???????? ???????? ????????,?????? ??????? ???????? ???????? ????????,,consultants,Egypt & KSA,,,
info@tagi.com,info@tagi.com,,consultants,Egypt & KSA,,,
????? ??? ??????? ??????????,????? ??? ??????? ??????????,,consultants,Egypt & KSA,,,
info@koob-est.com,info@koob-est.com,,consultants,Egypt & KSA,,,
???? ??????? ?????????,???? ??????? ?????????,,consultants,Egypt & KSA,,,
info@suwaidi.com,info@suwaidi.com,,consultants,Egypt & KSA,,,
????? ????????? ??????,????? ????????? ??????,,consultants,Egypt & KSA,,,
info@husseini-gc.com,info@husseini-gc.com,,consultants,Egypt & KSA,,,
????? ??????? ?????????,????? ??????? ?????????,,consultants,Egypt & KSA,,,
info@alrosan.com,info@alrosan.com,,consultants,Egypt & KSA,,,
?????? ??????? ???????,?????? ??????? ???????,,consultants,Egypt & KSA,,,
info@alraedah.com,info@alraedah.com,,consultants,Egypt & KSA,,,
???? ????? ????,???? ????? ????,,consultants,Egypt & KSA,,,
info@yanbucement.com,info@yanbucement.com,,consultants,Egypt & KSA,,,
????? ?????? ???????,????? ?????? ???????,,consultants,Egypt & KSA,,,
info@glasblok.com,info@glasblok.com,,consultants,Egypt & KSA,,,
???? ??????? ??????? ????????,???? ??????? ??????? ????????,,consultants,Egypt & KSA,,,
info@taliah.com.sa,info@taliah.com.sa,,consultants,Egypt & KSA,,,
?????? ????????? ????? ???????,?????? ????????? ????? ???????,,consultants,Egypt & KSA,,,
info@alsaab.com.sa,info@alsaab.com.sa,,consultants,Egypt & KSA,,,
???? ??????? ??????? ??????????,???? ??????? ??????? ??????????,,consultants,Egypt & KSA,,,
info@duhami.com,info@duhami.com,,consultants,Egypt & KSA,,,
???? ????????,???? ????????,,consultants,Egypt & KSA,,,
info@saudi-steel.com.sa,info@saudi-steel.com.sa,,consultants,Egypt & KSA,,,
??????,??????,,consultants,Egypt & KSA,,,
info@alsiaf.com.sa,info@alsiaf.com.sa,,consultants,Egypt & KSA,,,
????? ?????? ??????? ??????????,????? ?????? ??????? ??????????,,consultants,Egypt & KSA,,,
info@arrimal.com.sa,info@arrimal.com.sa,,consultants,Egypt & KSA,,,
???? ????? ?????? ????????? ??????,???? ????? ?????? ????????? ??????,,consultants,Egypt & KSA,,,
info@iecc.com.sa,info@iecc.com.sa,,consultants,Egypt & KSA,,,
???? ????? ???????,???? ????? ???????,,consultants,Egypt & KSA,,,
info@gypsco.com.sa,info@gypsco.com.sa,,consultants,Egypt & KSA,,,
???? ??? ?????? ??? ?????? ?????? ????????? ????????,???? ??? ?????? ??? ?????? ?????? ????????? ????????,,consultants,Egypt & KSA,,,
info@abacorp.com.sa,info@abacorp.com.sa,,consultants,Egypt & KSA,,,
???? ?????? ???????,???? ?????? ???????,,consultants,Egypt & KSA,,,
info@ardco.com.sa,info@ardco.com.sa,,consultants,Egypt & KSA,,,
???? ????? ??????,???? ????? ??????,,consultants,Egypt & KSA,,,
info@spcc.com.sa,info@spcc.com.sa,,consultants,Egypt & KSA,,,
???? ???-???,???? ???-???,,consultants,Egypt & KSA,,,
info@huta-sete.com,info@huta-sete.com,,consultants,Egypt & KSA,,,
???? ??????? ??????? ?????????? ??????,???? ??????? ??????? ?????????? ??????,,consultants,Egypt & KSA,,,
info@alfouzan.com,info@alfouzan.com,,consultants,Egypt & KSA,,,
???? ?????? ????????? ????????,???? ?????? ????????? ????????,,consultants,Egypt & KSA,,,
info@albaraka-co.com,info@albaraka-co.com,,consultants,Egypt & KSA,,,
?????? ????,?????? ????,,consultants,Egypt & KSA,,,
info@vera.com.sa,info@vera.com.sa,,consultants,Egypt & KSA,,,
???? ???????? ???????? ????????,???? ???????? ???????? ????????,,consultants,Egypt & KSA,,,
info@almajdouie.com.sa,info@almajdouie.com.sa,,consultants,Egypt & KSA,,,
???? ?????? ??????? ??????????,???? ?????? ??????? ??????????,,consultants,Egypt & KSA,,,
info@alharbi.com.sa,info@alharbi.com.sa,,consultants,Egypt & KSA,,,
????? ??????????? ?????????,????? ??????????? ?????????,,consultants,Egypt & KSA,,,
info@aartco.com.sa,info@aartco.com.sa,,consultants,Egypt & KSA,,,
?????? ????? ????????,?????? ????? ????????,,consultants,Egypt & KSA,,,
info@abana.com.sa,info@abana.com.sa,,consultants,Egypt & KSA,,,
???? ?????? ???????,???? ?????? ???????,,consultants,Egypt & KSA,,,
info@almhdi.com,info@almhdi.com,,consultants,Egypt & KSA,,,
????????,????????,,consultants,Egypt & KSA,,,
info@albahliah.com,info@albahliah.com,,consultants,Egypt & KSA,,,
???? ???? ????,???? ???? ????,,consultants,Egypt & KSA,,,
info@hadihammam.com,info@hadihammam.com,,consultants,Egypt & KSA,,,
????? ?????,????? ?????,,consultants,Egypt & KSA,,,
info@alamar.cc,info@alamar.cc,,consultants,Egypt & KSA,,,
???? ?????? ??????? ?????? ???????,???? ?????? ??????? ?????? ???????,,consultants,Egypt & KSA,,,
info@ibsf.com,info@ibsf.com,,consultants,Egypt & KSA,,,
???? ?????? ??????? ??????????,???? ?????? ??????? ??????????,,consultants,Egypt & KSA,,,
info@al-saghyir.com,info@al-saghyir.com,,consultants,Egypt & KSA,,,
???? ?????? ?????????,???? ?????? ?????????,,consultants,Egypt & KSA,,,
info@al-omraniah.com,info@al-omraniah.com,,consultants,Egypt & KSA,,,
???? ?????? ?????? ????????,???? ?????? ?????? ????????,,consultants,Egypt & KSA,,,
info@obaidalhottico.com,info@obaidalhottico.com,,consultants,Egypt & KSA,,,
???? ???? ??????? ????????,???? ???? ??????? ????????,,consultants,Egypt & KSA,,,
info@medadco.com,info@medadco.com,,consultants,Egypt & KSA,,,
?????? ???? ?????,?????? ???? ?????,,consultants,Egypt & KSA,,,
info@robouzahran.com,info@robouzahran.com,,consultants,Egypt & KSA,,,
???? ???? ??????? ??????????,???? ???? ??????? ??????????,,consultants,Egypt & KSA,,,
info@kheldah.com.sa,info@kheldah.com.sa,,consultants,Egypt & KSA,,,
??? ?????????,??? ?????????,,consultants,Egypt & KSA,,,
info@creativehome-sa.com,info@creativehome-sa.com,,consultants,Egypt & KSA,,,
?????? ??????? ?? ????????? ????? ?????? ???????,?????? ??????? ?? ????????? ????? ?????? ???????,,consultants,Egypt & KSA,,,
info@alsaab.net,info@alsaab.net,,consultants,Egypt & KSA,,,
???? ????? ?????? ???????,???? ????? ?????? ???????,,consultants,Egypt & KSA,,,
info@saudibrick.com,info@saudibrick.com,,consultants,Egypt & KSA,,,
???? ??? ?????? ? ???? ???????,???? ??? ?????? ? ???? ???????,,consultants,Egypt & KSA,,,
info@alfozan.com,info@alfozan.com,,consultants,Egypt & KSA,,,
?????? ???????,?????? ???????,,consultants,Egypt & KSA,,,
info@alrashedcement.com,info@alrashedcement.com,,consultants,Egypt & KSA,,,
?????? ???????? ?????? ??????? ????????,?????? ???????? ?????? ??????? ????????,,consultants,Egypt & KSA,,,
info@saudibuilding.com,info@saudibuilding.com,,consultants,Egypt & KSA,,,
???? ?????,???? ?????,,consultants,Egypt & KSA,,,
info@metscco.com,info@metscco.com,,consultants,Egypt & KSA,,,
???? ??????? ??????? ??????? ????????,???? ??????? ??????? ??????? ????????,,consultants,Egypt & KSA,,,
info@unexpo.com,info@unexpo.com,,consultants,Egypt & KSA,,,
?????? ??????,?????? ??????,,consultants,Egypt & KSA,,,
info@alzakary.com,info@alzakary.com,,consultants,Egypt & KSA,,,
???? ????? ????? ???????,???? ????? ????? ???????,,consultants,Egypt & KSA,,,
info@tatweer.com.sa,info@tatweer.com.sa,,consultants,Egypt & KSA,,,
???? ??????? ??????????,???? ??????? ??????????,,consultants,Egypt & KSA,,,
info@imadco.com,info@imadco.com,,consultants,Egypt & KSA,,,
??? ?????? ??????? ?????????,??? ?????? ??????? ?????????,,consultants,Egypt & KSA,,,
info@amal.com.sa,info@amal.com.sa,,consultants,Egypt & KSA,,,
????? ???? ??????? ??????????,????? ???? ??????? ??????????,,consultants,Egypt & KSA,,,
info@faden.com.sa,info@faden.com.sa,,consultants,Egypt & KSA,,,
????? ????? ????????,????? ????? ????????,,consultants,Egypt & KSA,,,
info@halhool.com.sa,info@halhool.com.sa,,consultants,Egypt & KSA,,,
????? ??? ?????? ?????? ??????? ???????,????? ??? ?????? ?????? ??????? ???????,,consultants,Egypt & KSA,,,
info@adi.com.sa,info@adi.com.sa,,consultants,Egypt & KSA,,,
???? ????? ??????? ??????????,???? ????? ??????? ??????????,,consultants,Egypt & KSA,,,
info@afrascompany.com.sa,info@afrascompany.com.sa,,consultants,Egypt & KSA,,,
???? ??? ?????????,???? ??? ?????????,,consultants,Egypt & KSA,,,
info@aja.com.sa,info@aja.com.sa,,consultants,Egypt & KSA,,,
????? ?????? ????????,????? ?????? ????????,,consultants,Egypt & KSA,,,
info@aldakheel.com.sa,info@aldakheel.com.sa,,consultants,Egypt & KSA,,,
?????? ????????? ??????? ??????? ???????? ??????????,?????? ????????? ??????? ??????? ???????? ??????????,,consultants,Egypt & KSA,,,
info@aak.com.sa,info@aak.com.sa,,consultants,Egypt & KSA,,,
???? ????? ??????,???? ????? ??????,,consultants,Egypt & KSA,,,
info@qcc.com.sa,info@qcc.com.sa,,consultants,Egypt & KSA,,,
???? ?????? ??????? ??????????,???? ?????? ??????? ??????????,,consultants,Egypt & KSA,,,
info@albaha.com.sa,info@albaha.com.sa,,consultants,Egypt & KSA,,,
???? ??????,???? ??????,,consultants,Egypt & KSA,,,
info@alnimal.com.sa,info@alnimal.com.sa,,consultants,Egypt & KSA,,,
????? ??????? ?? ??? ???????? ?????????,????? ??????? ?? ??? ???????? ?????????,,consultants,Egypt & KSA,,,
info@alkraidees-est.com.sa,info@alkraidees-est.com.sa,,consultants,Egypt & KSA,,,
????????? ???? ?????? ???????,????????? ???? ?????? ???????,,consultants,Egypt & KSA,,,
info@amdi.com.sa,info@amdi.com.sa,,consultants,Egypt & KSA,,,
???? ??????,???? ??????,,consultants,Egypt & KSA,,,
info@alrashedcement.com.sa,info@alrashedcement.com.sa,,consultants,Egypt & KSA,,,
??????? ???????,??????? ???????,,consultants,Egypt & KSA,,,
info@arabian-homes.com.sa,info@arabian-homes.com.sa,,consultants,Egypt & KSA,,,
???? ????????? ?????? ????????,???? ????????? ?????? ????????,,consultants,Egypt & KSA,,,
info@alajmicompany.com,info@alajmicompany.com,,consultants,Egypt & KSA,,,
?????? ??????? ????,?????? ??????? ????,,consultants,Egypt & KSA,,,
info@abdulla-fouad.com,info@abdulla-fouad.com,,consultants,Egypt & KSA,,,
?????? ???????? ????? ?????? ???????? – ?????,?????? ???????? ????? ?????? ???????? – ?????,,consultants,Egypt & KSA,,,
info@binex.com.sa,info@binex.com.sa,,consultants,Egypt & KSA,,,
???? ??????? ????????,???? ??????? ????????,,consultants,Egypt & KSA,,,
info@saudicement.com.sa,info@saudicement.com.sa,,consultants,Egypt & KSA,,,
????? ??????? ??????? ??????????,????? ??????? ??????? ??????????,,consultants,Egypt & KSA,,,
info@alsarawat.com.sa,info@alsarawat.com.sa,,consultants,Egypt & KSA,,,
?????? ????????,?????? ????????,,consultants,Egypt & KSA,,,
info@brc.com.sa,info@brc.com.sa,,consultants,Egypt & KSA,,,
????? ???? ???? ?????,????? ???? ???? ?????,,consultants,Egypt & KSA,,,
info@bougshan.com.sa,info@bougshan.com.sa,,consultants,Egypt & KSA,,,
???? ?? ???? ?????? ????? ????????,???? ?? ???? ?????? ????? ????????,,consultants,Egypt & KSA,,,
info@bintami.com.sa,info@bintami.com.sa,,consultants,Egypt & KSA,,,
???????? ???????,???????? ???????,,consultants,Egypt & KSA,,,
info@cat.com.sa,info@cat.com.sa,,consultants,Egypt & KSA,,,
????? ??? ???????,????? ??? ???????,,consultants,Egypt & KSA,,,
info@alghamdi.com,info@alghamdi.com,,consultants,Egypt & KSA,,,
????? ?????? ??????? ? ?????????,????? ?????? ??????? ? ?????????,,consultants,Egypt & KSA,,,
info@almutlaqest.com,info@almutlaqest.com,,consultants,Egypt & KSA,,,
????? ????? ??? ??????? ???????,????? ????? ??? ??????? ???????,,consultants,Egypt & KSA,,,
info@alowaidah.com.sa,info@alowaidah.com.sa,,consultants,Egypt & KSA,,,
????? ??????? ???? ??????? ????????,????? ??????? ???? ??????? ????????,,consultants,Egypt & KSA,,,
info@aldossary.com.sa,info@aldossary.com.sa,,consultants,Egypt & KSA,,,
???? ?????? ??????? ???????,???? ?????? ??????? ???????,,consultants,Egypt & KSA,,,
info@ousaimi.com.sa,info@ousaimi.com.sa,,consultants,Egypt & KSA,,,
????? ??? ??????,????? ??? ??????,,consultants,Egypt & KSA,,,
info@abnaa-f-alshaya.com,info@abnaa-f-alshaya.com,,consultants,Egypt & KSA,,,
???? ???????? ????????,???? ???????? ????????,,consultants,Egypt & KSA,,,
info@bemcosteel.com,info@bemcosteel.com,,consultants,Egypt & KSA,,,
??????? ?????? ??????,??????? ?????? ??????,,consultants,Egypt & KSA,,,
info@alkuhaimi.com,info@alkuhaimi.com,,consultants,Egypt & KSA,,,
?????? ???????? ???????? ???????,?????? ???????? ???????? ???????,,consultants,Egypt & KSA,,,
info@srmcc.com.sa,info@srmcc.com.sa,,consultants,Egypt & KSA,,,
???? ?????? ????????,???? ?????? ????????,,consultants,Egypt & KSA,,,
info@rehabc.com,info@rehabc.com,,consultants,Egypt & KSA,,,
?????? ??? ??????,?????? ??? ??????,,consultants,Egypt & KSA,,,
info@stg.com.sa,info@stg.com.sa,,consultants,Egypt & KSA,,,
???? ?????? ??????? ????????,???? ?????? ??????? ????????,,consultants,Egypt & KSA,,,
info@toledo.com.sa,info@toledo.com.sa,,consultants,Egypt & KSA,,,
????? ?????? ??????? ??????????,????? ?????? ??????? ??????????,,consultants,Egypt & KSA,,,
info@worldgate.com.sa,info@worldgate.com.sa,,consultants,Egypt & KSA,,,
????? ???????,????? ???????,,consultants,Egypt & KSA,,,
info@saudi-house.com.sa,info@saudi-house.com.sa,,consultants,Egypt & KSA,,,
????? ????? ??????? ??????????,????? ????? ??????? ??????????,,consultants,Egypt & KSA,,,
info@rakan.com.sa,info@rakan.com.sa,,consultants,Egypt & KSA,,,
??????????? ??????? ??????????,??????????? ??????? ??????????,,consultants,Egypt & KSA,,,
info@ramada.com.sa,info@ramada.com.sa,,consultants,Egypt & KSA,,,
?????? ????? ??????,?????? ????? ??????,,consultants,Egypt & KSA,,,
info@rarbmd.com.sa,info@rarbmd.com.sa,,consultants,Egypt & KSA,,,
????? ???? ????? ??????? ??????????,????? ???? ????? ??????? ??????????,,consultants,Egypt & KSA,,,
info@nezaralwan.com.sa,info@nezaralwan.com.sa,,consultants,Egypt & KSA,,,
New Wave Consultants,New Wave Consultants,,consultants,Egypt & KSA,,,
info@newwave.com.sa,info@newwave.com.sa,,consultants,Egypt & KSA,,,
??????? ??????? ??????????,??????? ??????? ??????????,,consultants,Egypt & KSA,,,
info@alayuni.com,info@alayuni.com,,consultants,Egypt & KSA,,,
????? ??????? ?????????,????? ??????? ?????????,,consultants,Egypt & KSA,,,
info@najdain.com.sa,info@najdain.com.sa,,consultants,Egypt & KSA,,,
?????? ????? ???????? ??????? ??????????,?????? ????? ???????? ??????? ??????????,,consultants,Egypt & KSA,,,
info@projects-system.com,info@projects-system.com,,consultants,Egypt & KSA,,,
????? ??? ???????- ??? ??????,????? ??? ???????- ??? ??????,,consultants,Egypt & KSA,,,
info@albdoor-villa.com,info@albdoor-villa.com,,consultants,Egypt & KSA,,,
???? ???????? ???????,???? ???????? ???????,,consultants,Egypt & KSA,,,
info@babtain.net,info@babtain.net,,consultants,Egypt & KSA,,,
????? ?????? ??????? ??????????,????? ?????? ??????? ??????????,,consultants,Egypt & KSA,,,
info@alhijaz.com.sa,info@alhijaz.com.sa,,consultants,Egypt & KSA,,,
???????? ??????? ??????????,???????? ??????? ??????????,,consultants,Egypt & KSA,,,
info@asmael.com,info@asmael.com,,consultants,Egypt & KSA,,,
???? ????????? ??????? ???????,???? ????????? ??????? ???????,,consultants,Egypt & KSA,,,
info@muhaidib.com.sa,info@muhaidib.com.sa,,consultants,Egypt & KSA,,,
????? ????????? ??????? ??? ????? ?????????,????? ????????? ??????? ??? ????? ?????????,,consultants,Egypt & KSA,,,
info@aak.com.sa,info@aak.com.sa,,consultants,Egypt & KSA,,,
????? ????????? ??? ??????,????? ????????? ??? ??????,,consultants,Egypt & KSA,,,
info@o1s.com.sa,info@o1s.com.sa,,consultants,Egypt & KSA,,,
????? ??????? ??? ???????? ?????????,????? ??????? ??? ???????? ?????????,,consultants,Egypt & KSA,,,
info@alkraidees-est.com.sa,info@alkraidees-est.com.sa,,consultants,Egypt & KSA,,,
???? ????? ????????? ?????????? ??????,???? ????? ????????? ?????????? ??????,,consultants,Egypt & KSA,,,
info@ksaa.com.sa,info@ksaa.com.sa,,consultants,Egypt & KSA,,,
????? ?????? ????????,????? ?????? ????????,,consultants,Egypt & KSA,,,
info@alnafea.com.sa,info@alnafea.com.sa,,consultants,Egypt & KSA,,,
???? ?????? ??????? ??????????,???? ?????? ??????? ??????????,,consultants,Egypt & KSA,,,
info@rtcc.com.sa,info@rtcc.com.sa,,consultants,Egypt & KSA,,,
??????? ??????? ???????? ??????????,??????? ??????? ???????? ??????????,,consultants,Egypt & KSA,,,
info@yc.com.sa,info@yc.com.sa,,consultants,Egypt & KSA,,,
????? ??????????? ?????????,????? ??????????? ?????????,,consultants,Egypt & KSA,,,
info@aartco.com.sa,info@aartco.com.sa,,consultants,Egypt & KSA,,,
???? ??????? ??????? ?????????? ????????,???? ??????? ??????? ?????????? ????????,,consultants,Egypt & KSA,,,
info@al-nimran.com.sa,info@al-nimran.com.sa,,consultants,Egypt & KSA,,,
????? ??????,????? ??????,,consultants,Egypt & KSA,,,
info@altorki.com.sa,info@altorki.com.sa,,consultants,Egypt & KSA,,,
???? ???????? ??????? ??????? ?????????? ????????,???? ???????? ??????? ??????? ?????????? ????????,,consultants,Egypt & KSA,,,
info@almasaraat.com.sa,info@almasaraat.com.sa,,consultants,Egypt & KSA,,,
????? ???????? ???????,????? ???????? ???????,,consultants,Egypt & KSA,,,
info@attc.com.sa,info@attc.com.sa,,consultants,Egypt & KSA,,,
???? ???? ?????????,???? ???? ?????????,,consultants,Egypt & KSA,,,
info@aptc.com.sa,info@aptc.com.sa,,consultants,Egypt & KSA,,,
???? ??? ?? ?? ???? ??? ????????,???? ??? ?? ?? ???? ??? ????????,,consultants,Egypt & KSA,,,
info@apvme.com.sa,info@apvme.com.sa,,consultants,Egypt & KSA,,,
????? ????? ??????? ???????? ??????????,????? ????? ??????? ???????? ??????????,,consultants,Egypt & KSA,,,
info@asabaq.com.sa,info@asabaq.com.sa,,consultants,Egypt & KSA,,,
????? ??????? ????????? ?????,????? ??????? ????????? ?????,,consultants,Egypt & KSA,,,
info@ashour.com.sa,info@ashour.com.sa,,consultants,Egypt & KSA,,,
???? ??? ??????? ??????????,???? ??? ??????? ??????????,,consultants,Egypt & KSA,,,
info@azm.com.sa,info@azm.com.sa,,consultants,Egypt & KSA,,,
???? ????? ????????? ???????? ??????,???? ????? ????????? ???????? ??????,,consultants,Egypt & KSA,,,
info@aamal.com.sa,info@aamal.com.sa,,consultants,Egypt & KSA,,,
????? ????????? ???? ??????? ???????,????? ????????? ???? ??????? ???????,,consultants,Egypt & KSA,,,
info@alomran.com.sa,info@alomran.com.sa,,consultants,Egypt & KSA,,,
????? ????????? ?? ??? ?? ????? ?????????,????? ????????? ?? ??? ?? ????? ?????????,,consultants,Egypt & KSA,,,
info@football.com.sa,info@football.com.sa,,consultants,Egypt & KSA,,,
???? ????????? ??? ?????? ?????? ????????? ???????? ??????,???? ????????? ??? ?????? ?????? ????????? ???????? ??????,,consultants,Egypt & KSA,,,
info@abacorp.com.sa,info@abacorp.com.sa,,consultants,Egypt & KSA,,,
????? ????????? ??????? ????? ?????????,????? ????????? ??????? ????? ?????????,,consultants,Egypt & KSA,,,
info@alsaab.com.sa,info@alsaab.com.sa,,consultants,Egypt & KSA,,,
????? ??????? ???? ??????? ????????,????? ??????? ???? ??????? ????????,,consultants,Egypt & KSA,,,
info@aldossary.com.sa,info@aldossary.com.sa,,consultants,Egypt & KSA,,,
????? ??????? ??????? ?????????,????? ??????? ??????? ?????????,,consultants,Egypt & KSA,,,
info@aljumaiah.com.sa,info@aljumaiah.com.sa,,consultants,Egypt & KSA,,,
???? ??????? ??? ???????? ??????,???? ??????? ??? ???????? ??????,,consultants,Egypt & KSA,,,
info@alhamrani.com.sa,info@alhamrani.com.sa,,consultants,Egypt & KSA,,,
???? ????? ??????? ??????,???? ????? ??????? ??????,,consultants,Egypt & KSA,,,
info@almutawa.com.sa,info@almutawa.com.sa,,consultants,Egypt & KSA,,,
???? ????????? ????? ???????,???? ????????? ????? ???????,,consultants,Egypt & KSA,,,
info@fbm.com.sa,info@fbm.com.sa,,consultants,Egypt & KSA,,,
info@uteconline.com.sa,info@uteconline.com.sa,,consultants,Egypt & KSA,,,
????? ????????? ??? ?????? ??????? ??????????,????? ????????? ??? ?????? ??????? ??????????,,consultants,Egypt & KSA,,,
info@atco.com.sa,info@atco.com.sa,,consultants,Egypt & KSA,,,
????? ????????? ???? ?????? ?????????,????? ????????? ???? ?????? ?????????,,consultants,Egypt & KSA,,,
info@alshalawi.com.sa,info@alshalawi.com.sa,,consultants,Egypt & KSA,,,
???? ????????? ?????? ????????,???? ????????? ?????? ????????,,consultants,Egypt & KSA,,,
info@alakeel.com.sa,info@alakeel.com.sa,,consultants,Egypt & KSA,,,
????? ????????? ?????? ???????,????? ????????? ?????? ???????,,consultants,Egypt & KSA,,,
info@al-rajhi.com.sa,info@al-rajhi.com.sa,,consultants,Egypt & KSA,,,
????? ????????? ????????? ?????? ?????????,????? ????????? ????????? ?????? ?????????,,consultants,Egypt & KSA,,,
info@concepts.com.sa,info@concepts.com.sa,,consultants,Egypt & KSA,,,
????? ??? ???????? ?????????,????? ??? ???????? ?????????,,consultants,Egypt & KSA,,,
info@alhamra.com.sa,info@alhamra.com.sa,,consultants,Egypt & KSA,,,
???? ????? ???????? ??????? ????????,???? ????? ???????? ??????? ????????,,consultants,Egypt & KSA,,,
info@abraj.com.sa,info@abraj.com.sa,,consultants,Egypt & KSA,,,
????? ??? ???? ??????? ??????????,????? ??? ???? ??????? ??????????,,consultants,Egypt & KSA,,,
info@abufarea.com.sa,info@abufarea.com.sa,,consultants,Egypt & KSA,,,
???? ??? ??? ??????? ??????????,???? ??? ??? ??????? ??????????,,consultants,Egypt & KSA,,,
info@az.com.sa,info@az.com.sa,,consultants,Egypt & KSA,,,
??????? ???????? ????????? ?????? ????????,??????? ???????? ????????? ?????? ????????,,consultants,Egypt & KSA,,,
info@advanced-co.com.sa,info@advanced-co.com.sa,,consultants,Egypt & KSA,,,
???? ???? ??????? ??????? ???????? ????????,???? ???? ??????? ??????? ???????? ????????,,consultants,Egypt & KSA,,,
info@afakco.com.sa,info@afakco.com.sa,,consultants,Egypt & KSA,,,
????? ??????? ? ???????,????? ??????? ? ???????,,consultants,Egypt & KSA,,,
info@afnan.com.sa,info@afnan.com.sa,,consultants,Egypt & KSA,,,
???? ????? ???????,???? ????? ???????,,consultants,Egypt & KSA,,,
info@afrascompany.com.sa,info@afrascompany.com.sa,,consultants,Egypt & KSA,,,
???? ???? ??????? ????????,???? ???? ??????? ????????,,consultants,Egypt & KSA,,,
info@agap-arabia.com.sa,info@agap-arabia.com.sa,,consultants,Egypt & KSA,,,
??????,??????,,consultants,Egypt & KSA,,,
info@aggreko.com.sa,info@aggreko.com.sa,,consultants,Egypt & KSA,,,
????? ???? ???? ?????? ?????????,????? ???? ???? ?????? ?????????,,consultants,Egypt & KSA,,,
info@aspen.com.sa,info@aspen.com.sa,,consultants,Egypt & KSA,,,
????? ???? ????? ???????,????? ???? ????? ???????,,consultants,Egypt & KSA,,,
info@al-badr.com.sa,info@al-badr.com.sa,,consultants,Egypt & KSA,,,
???? ???? ???? ??????? ??????? ??????? ??????????,???? ???? ???? ??????? ??????? ??????? ??????????,,consultants,Egypt & KSA,,,
info@robertos.com.sa,info@robertos.com.sa,,consultants,Egypt & KSA,,,
????? ???? ?? ?????,????? ???? ?? ?????,,consultants,Egypt & KSA,,,
info@suzuki.com.sa,info@suzuki.com.sa,,consultants,Egypt & KSA,,,
???? ??? ??????,???? ??? ??????,,consultants,Egypt & KSA,,,
info@airliquide.com.sa,info@airliquide.com.sa,,consultants,Egypt & KSA,,,
????? ??? ??????? ??????????,????? ??? ??????? ??????????,,consultants,Egypt & KSA,,,
info@aja.com.sa,info@aja.com.sa,,consultants,Egypt & KSA,,,
???? ????????? ??????? ??????,???? ????????? ??????? ??????,,consultants,Egypt & KSA,,,
info@aldakheel.com.sa,info@aldakheel.com.sa,,consultants,Egypt & KSA,,,
????? ????????? ???? ?????? ?????????,????? ????????? ???? ?????? ?????????,,consultants,Egypt & KSA,,,
info@alghadeer.com.sa,info@alghadeer.com.sa,,consultants,Egypt & KSA,,,
??????? ??? ???? ??????,??????? ??? ???? ??????,,consultants,Egypt & KSA,,,
info@alhajry-overseas.com.sa,info@alhajry-overseas.com.sa,,consultants,Egypt & KSA,,,
???? ?????? ??????? ??????????,???? ?????? ??????? ??????????,,consultants,Egypt & KSA,,,
info@alharbi.com.sa,info@alharbi.com.sa,,consultants,Egypt & KSA,,,
????? ????? ???????,????? ????? ???????,,consultants,Egypt & KSA,,,
info@ali.com.sa,info@ali.com.sa,,consultants,Egypt & KSA,,,
???? ?????? ?????,???? ?????? ?????,,consultants,Egypt & KSA,,,
info@alkayidbros.com.sa,info@alkayidbros.com.sa,,consultants,Egypt & KSA,,,
????? ?????? ??????? ??????????,????? ?????? ??????? ??????????,,consultants,Egypt & KSA,,,
info@alnassar.com.sa,info@alnassar.com.sa,,consultants,Egypt & KSA,,,
???? ?????? ?????????,???? ?????? ?????????,,consultants,Egypt & KSA,,,
info@alqasabi.com.sa,info@alqasabi.com.sa,,consultants,Egypt & KSA,,,
????? ????? ???????? ?????????,????? ????? ???????? ?????????,,consultants,Egypt & KSA,,,
info@alqussie.com.sa,info@alqussie.com.sa,,consultants,Egypt & KSA,,,
????? ??????? ????????,????? ??????? ????????,,consultants,Egypt & KSA,,,
info@alrajhicorp.com.s,info@alrajhicorp.com.s,,consultants,Egypt & KSA,,,
???? ??????? ???????,???? ??????? ???????,,consultants,Egypt & KSA,,,
info@al-rawasi.com.sa,info@al-rawasi.com.sa,,consultants,Egypt & KSA,,,
????? ?????? ??????? ??????????,????? ?????? ??????? ??????????,,consultants,Egypt & KSA,,,
info@alrayyan.com.sa,info@alrayyan.com.sa,,consultants,Egypt & KSA,,,
???? ????? ???????? ???????,???? ????? ???????? ???????,,consultants,Egypt & KSA,,,
info@alsagrsaudi.com.sa,info@alsagrsaudi.com.sa,,consultants,Egypt & KSA,,,
???? ?? ???? ??????? ??????? ????????,???? ?? ???? ??????? ??????? ????????,,consultants,Egypt & KSA,,,
info@alsalemgroup.com.sa,info@alsalemgroup.com.sa,,consultants,Egypt & KSA,,,
????? ???????? ????????,????? ???????? ????????,,consultants,Egypt & KSA,,,
info@altuwairqi.com.sa,info@altuwairqi.com.sa,,consultants,Egypt & KSA,,,
???? ????? ??????? ????????,???? ????? ??????? ????????,,consultants,Egypt & KSA,,,
info@omega.com.sa,info@omega.com.sa,,consultants,Egypt & KSA,,,
????? ?????? ?????????,????? ?????? ?????????,,consultants,Egypt & KSA,,,
info@al-abbas.com.sa,info@al-abbas.com.sa,,consultants,Egypt & KSA,,,
??????? ??????? ?????????,??????? ??????? ?????????,,consultants,Egypt & KSA,,,
info@jadaan.com.sa,info@jadaan.com.sa,,consultants,Egypt & KSA,,,
???? ?????? ?????????,???? ?????? ?????????,,consultants,Egypt & KSA,,,
info@arrab.com.sa,info@arrab.com.sa,,consultants,Egypt & KSA,,,
????? ??????? ???????,????? ??????? ???????,,consultants,Egypt & KSA,,,
info@alazhar.com.sa,info@alazhar.com.sa,,consultants,Egypt & KSA,,,
????? ?????? ??????? ?????????,????? ?????? ??????? ?????????,,consultants,Egypt & KSA,,,
info@al-bassam.com.sa,info@al-bassam.com.sa,,consultants,Egypt & KSA,,,
???? ?????? ?????? ??????? ????????,???? ?????? ?????? ??????? ????????,,consultants,Egypt & KSA,,,
info@al-bayan.com.sa,info@al-bayan.com.sa,,consultants,Egypt & KSA,,,
???? ?????? ?????? ???????,???? ?????? ?????? ???????,,consultants,Egypt & KSA,,,
info@albayan.com.sa,info@albayan.com.sa,,consultants,Egypt & KSA,,,
???? ??????? ??????? ????????,???? ??????? ??????? ????????,,consultants,Egypt & KSA,,,
info@aldhiyafa.com.sa,info@aldhiyafa.com.sa,,consultants,Egypt & KSA,,,
?????? ????? ???? ???? ???????,?????? ????? ???? ???? ???????,,consultants,Egypt & KSA,,,
info@aldossary-group.com.sa,info@aldossary-group.com.sa,,consultants,Egypt & KSA,,,
?????? ????? ??????? ??????????,?????? ????? ??????? ??????????,,consultants,Egypt & KSA,,,
info@alfadda.com.sa,info@alfadda.com.sa,,consultants,Egypt & KSA,,,
???? ??????? ??????? ??????????,???? ??????? ??????? ??????????,,consultants,Egypt & KSA,,,
info@haramain.com.sa,info@haramain.com.sa,,consultants,Egypt & KSA,,,
??????? ???????? ??????? ??????????,??????? ???????? ??????? ??????????,,consultants,Egypt & KSA,,,
info@hatco.com.sa,info@hatco.com.sa,,consultants,Egypt & KSA,,,
????? ?????? ????????? ??????,????? ?????? ????????? ??????,,consultants,Egypt & KSA,,,
info@alhesab.com.sa,info@alhesab.com.sa,,consultants,Egypt & KSA,,,
????? ??????? ????????,????? ??????? ????????,,consultants,Egypt & KSA,,,
info@alhussaini.com.sa,info@alhussaini.com.sa,,consultants,Egypt & KSA,,,
????? ?????? ??????? ? ?????????,????? ?????? ??????? ? ?????????,,consultants,Egypt & KSA,,,
info@aljadeed.com.sa,info@aljadeed.com.sa,,consultants,Egypt & KSA,,,
???? ?????? ??????? ??????????,???? ?????? ??????? ??????????,,consultants,Egypt & KSA,,,
info@jatco.com.sa,info@jatco.com.sa,,consultants,Egypt & KSA,,,
????? ?????? ??????? ??????????,????? ?????? ??????? ??????????,,consultants,Egypt & KSA,,,
info@kaabi.com.sa,info@kaabi.com.sa,,consultants,Egypt & KSA,,,
????? ?????? ???????,????? ?????? ???????,,consultants,Egypt & KSA,,,
info@alkawthar.com.sa,info@alkawthar.com.sa,,consultants,Egypt & KSA,,,
????? ?????? ???????,????? ?????? ???????,,consultants,Egypt & KSA,,,
info@alkhateebunited.com.sa,info@alkhateebunited.com.sa,,consultants,Egypt & KSA,,,
???? ????? ??????? ????????? ??????,???? ????? ??????? ????????? ??????,,consultants,Egypt & KSA,,,
info@babcock.com.sa,info@babcock.com.sa,,consultants,Egypt & KSA,,,
???? ?????? ??????? ??????????,???? ?????? ??????? ??????????,,consultants,Egypt & KSA,,,
info@alkurdi.com.sa,info@alkurdi.com.sa,,consultants,Egypt & KSA,,,
???? ?????? ??? ???????,???? ?????? ??? ???????,,consultants,Egypt & KSA,,,
info@almajal-servicemaster.com.sa,info@almajal-servicemaster.com.sa,,consultants,Egypt & KSA,,,
?????? ?????? ??????? ???????,?????? ?????? ??????? ???????,,consultants,Egypt & KSA,,,
info@almajhadgr.com.sa,info@almajhadgr.com.sa,,consultants,Egypt & KSA,,,
????? ?????? ??????? ?????????,????? ?????? ??????? ?????????,,consultants,Egypt & KSA,,,
info@maco.com.sa,info@maco.com.sa,,consultants,Egypt & KSA,,,
???? ???????,???? ???????,,consultants,Egypt & KSA,,,
info@almashariq.com.sa,info@almashariq.com.sa,,consultants,Egypt & KSA,,,
????? ??? ???? ???????,????? ??? ???? ???????,,consultants,Egypt & KSA,,,
info@meleihigroup.com.sa,info@meleihigroup.com.sa,,consultants,Egypt & KSA,,,
????? ??????? ????????? ????????,????? ??????? ????????? ????????,,consultants,Egypt & KSA,,,
info@almiqyesest.com.sa,info@almiqyesest.com.sa,,consultants,Egypt & KSA,,,
???? ?????? ?????? ???????? ????????,???? ?????? ?????? ???????? ????????,,consultants,Egypt & KSA,,,
info@almisehal.com.sa,info@almisehal.com.sa,,consultants,Egypt & KSA,,,
??????? ????? ??????,??????? ????? ??????,,consultants,Egypt & KSA,,,
info@mbm.com.sa,info@mbm.com.sa,,consultants,Egypt & KSA,,,
???? ??????? ??????? ??????????,???? ??????? ??????? ??????????,,consultants,Egypt & KSA,,,
info@akmasons.com.sa,info@akmasons.com.sa,,consultants,Egypt & KSA,,,
info@al-mohaideb.com.sa,info@al-mohaideb.com.sa,,consultants,Egypt & KSA,,,
????? ??????? ?????????,????? ??????? ?????????,,consultants,Egypt & KSA,,,
info@najdain.com.sa,info@najdain.com.sa,,consultants,Egypt & KSA,,,
???? ?????? ??????? ???????? ????????,???? ?????? ??????? ???????? ????????,,consultants,Egypt & KSA,,,
info@al-ouda.com.sa,info@al-ouda.com.sa,,consultants,Egypt & KSA,,,
?????? ???????,?????? ???????,,consultants,Egypt & KSA,,,
info@alowaidah.com.sa,info@alowaidah.com.sa,,consultants,Egypt & KSA,,,
?????? ??????? ???????,?????? ??????? ???????,,consultants,Egypt & KSA,,,
info@alrajhitrading.com.sa,info@alrajhitrading.com.sa,,consultants,Egypt & KSA,,,
???? ?????? ??????? ??????????,???? ?????? ??????? ??????????,,consultants,Egypt & KSA,,,
info@alrashidmallbms.com.sa,info@alrashidmallbms.com.sa,,consultants,Egypt & KSA,,,
info@rtccre.com.sa,info@rtccre.com.sa,,consultants,Egypt & KSA,,,
???? ????? ????????? ????????,???? ????? ????????? ????????,,consultants,Egypt & KSA,,,
info@alsaad.com.sa,info@alsaad.com.sa,,consultants,Egypt & KSA,,,
????? ?????? ?????????,????? ?????? ?????????,,consultants,Egypt & KSA,,,
info@alsoumly-factoryrope.com.sa,info@alsoumly-factoryrope.com.sa,,consultants,Egypt & KSA,,,
???? ???? ???? ??????? ???????,???? ???? ???? ??????? ???????,,consultants,Egypt & KSA,,,
info@alsuwaidi.com.sa,info@alsuwaidi.com.sa,,consultants,Egypt & KSA,,,
info@suwaidi.com.sa,info@suwaidi.com.sa,,consultants,Egypt & KSA,,,
???? ???????? ????????? ???????,???? ???????? ????????? ???????,,consultants,Egypt & KSA,,,
info@azizia.com.sa,info@azizia.com.sa,,consultants,Egypt & KSA,,,
????? ???????? ??????? ??????????,????? ???????? ??????? ??????????,,consultants,Egypt & KSA,,,
info@d.com.sa,info@d.com.sa,,consultants,Egypt & KSA,,,
???? ???? ????????? ?????? ???????,???? ???? ????????? ?????? ???????,,consultants,Egypt & KSA,,,
info@rarbmd.com.sa,info@rarbmd.com.sa,,consultants,Egypt & KSA,,,
???? ???? ????? ?????? ???????,???? ???? ????? ?????? ???????,,consultants,Egypt & KSA,,,
info@aldrees.com.sa,info@aldrees.com.sa,,consultants,Egypt & KSA,,,
???? ?????? ???????? ????????,???? ?????? ???????? ????????,,consultants,Egypt & KSA,,,
info@fspf.com.sa,info@fspf.com.sa,,consultants,Egypt & KSA,,,
???? ?????? ??????????? ????????,???? ?????? ??????????? ????????,,consultants,Egypt & KSA,,,
info@alhassil.com.sa,info@alhassil.com.sa,,consultants,Egypt & KSA,,,
???? ?????? ?????,???? ?????? ?????,,consultants,Egypt & KSA,,,
info@jll.com.sa,info@jll.com.sa,,consultants,Egypt & KSA,,,
???? ??????,???? ??????,,consultants,Egypt & KSA,,,
info@alnimal.com.sa,info@alnimal.com.sa,,consultants,Egypt & KSA,,,
????? ??????? ?????????,????? ??????? ?????????,,consultants,Egypt & KSA,,,
info@alsafrrat.com.sa,info@alsafrrat.com.sa,,consultants,Egypt & KSA,,,
???? ???????? ??????? ??????????,???? ???????? ??????? ??????????,,consultants,Egypt & KSA,,,
info@atc-co.com.sa,info@atc-co.com.sa,,consultants,Egypt & KSA,,,
????? ??????? ??????? ??????????,????? ??????? ??????? ??????????,,consultants,Egypt & KSA,,,
info@albonian.com.sa,info@albonian.com.sa,,consultants,Egypt & KSA,,,
????? ??????? ????????? ?????????,????? ??????? ????????? ?????????,,consultants,Egypt & KSA,,,
info@aldeyabi.com.sa,info@aldeyabi.com.sa,,consultants,Egypt & KSA,,,
???? ??????,???? ??????,,consultants,Egypt & KSA,,,
info@alfanar.com.sa,info@alfanar.com.sa,,consultants,Egypt & KSA,,,
info@eletra.com.sa,info@eletra.com.sa,,consultants,Egypt & KSA,,,
????? ???????,????? ???????,,consultants,Egypt & KSA,,,
info@perceptions.com.sa,info@perceptions.com.sa,,consultants,Egypt & KSA,,,
????? ???????? ????????? ??????,????? ???????? ????????? ??????,,consultants,Egypt & KSA,,,
info@alfoadia.com.sa,info@alfoadia.com.sa,,consultants,Egypt & KSA,,,
????? ?????? ???????,????? ?????? ???????,,consultants,Egypt & KSA,,,
info@alhijaz.com.sa,info@alhijaz.com.sa,,consultants,Egypt & KSA,,,
????? ?????? ?????????,????? ?????? ?????????,,consultants,Egypt & KSA,,,
info@hugayet.com.sa,info@hugayet.com.sa,,consultants,Egypt & KSA,,,
????? ??? ???? ??????? ?????????,????? ??? ???? ??????? ?????????,,consultants,Egypt & KSA,,,
info@sal.com.sa,info@sal.com.sa,,consultants,Egypt & KSA,,,
???? ??? ???? ?????? ???????,???? ??? ???? ?????? ???????,,consultants,Egypt & KSA,,,
info@aldahan.com.sa,info@aldahan.com.sa,,consultants,Egypt & KSA,,,
????? ??? ???? ???? ?? ???? ?????????,????? ??? ???? ???? ?? ???? ?????????,,consultants,Egypt & KSA,,,
info@mypc.com.sa,info@mypc.com.sa,,consultants,Egypt & KSA,,,
???? ??????? – ??????? ?????,???? ??????? – ??????? ?????,,consultants,Egypt & KSA,,,
info@almabani.com.sa,info@almabani.com.sa,,consultants,Egypt & KSA,,,
????? ???????? ?????????,????? ???????? ?????????,,consultants,Egypt & KSA,,,
info@musharabia.com.sa,info@musharabia.com.sa,,consultants,Egypt & KSA,,,
???? ?????? ????????,???? ?????? ????????,,consultants,Egypt & KSA,,,
info@roc.com.sa,info@roc.com.sa,,consultants,Egypt & KSA,,,
????? ???????? ????????? ?????? ???????,????? ???????? ????????? ?????? ???????,,consultants,Egypt & KSA,,,
info@alsabstan.com.sa,info@alsabstan.com.sa,,consultants,Egypt & KSA,,,
???? ?????? ??????? ????????,???? ?????? ??????? ????????,,consultants,Egypt & KSA,,,
info@alstomtd.com.sa,info@alstomtd.com.sa,,consultants,Egypt & KSA,,,
???? ???? ??? ??????,???? ???? ??? ??????,,consultants,Egypt & KSA,,,
info@alturki-group.com.sa,info@alturki-group.com.sa,,consultants,Egypt & KSA,,,
????? ?????,????? ?????,,consultants,Egypt & KSA,,,
info@alwan-est.com.sa,info@alwan-est.com.sa,,consultants,Egypt & KSA,,,
????? ???? ???? ????? ?????????,????? ???? ???? ????? ?????????,,consultants,Egypt & KSA,,,
info@alyahya.com.sa,info@alyahya.com.sa,,consultants,Egypt & KSA,,,
???? ?????? ??????? ??????,???? ?????? ??????? ??????,,consultants,Egypt & KSA,,,
info@zamil.com.sa,info@zamil.com.sa,,consultants,Egypt & KSA,,,
????? ???? ??????? ????????? ??????,????? ???? ??????? ????????? ??????,,consultants,Egypt & KSA,,,
info@asphalt.com.sa,info@asphalt.com.sa,,consultants,Egypt & KSA,,,
info@earthworks.com.sa,info@earthworks.com.sa,,consultants,Egypt & KSA,,,
info@road.com.sa,info@road.com.sa,,consultants,Egypt & KSA,,,
?????? ??????? ?????????,?????? ??????? ?????????,,consultants,Egypt & KSA,,,
info@nasban.com.sa,info@nasban.com.sa,,consultants,Egypt & KSA,,,
???? ???? ??????? ?????? ?????? ??????????? ????????,???? ???? ??????? ?????? ?????? ??????????? ????????,,consultants,Egypt & KSA,,,
info@aqar.com.sa,info@aqar.com.sa,,consultants,Egypt & KSA,,,
?????? ??????? ????? ?????? ?????????? ????????,?????? ??????? ????? ?????? ?????????? ????????,,consultants,Egypt & KSA,,,
info@aject.com.sa,info@aject.com.sa,,consultants,Egypt & KSA,,,
????? ?????? ??????,????? ?????? ??????,,consultants,Egypt & KSA,,,
info@awe.com.sa,info@awe.com.sa,,consultants,Egypt & KSA,,,
????? ?????? ??????,????? ?????? ??????,,consultants,Egypt & KSA,,,
info@arab-wissam.com.sa,info@arab-wissam.com.sa,,consultants,Egypt & KSA,,,
???? ??????? ??????? ?????? ????????,???? ??????? ??????? ?????? ????????,,consultants,Egypt & KSA,,,
info@gt.com.sa,info@gt.com.sa,,consultants,Egypt & KSA,,,
???? ?? ?? ?? ??????? ????????,???? ?? ?? ?? ??????? ????????,,consultants,Egypt & KSA,,,
info@cbiepc.com.sa,info@cbiepc.com.sa,,consultants,Egypt & KSA,,,
???? ??????? ??????,???? ??????? ??????,,consultants,Egypt & KSA,,,
info@acc.com.sa,info@acc.com.sa,,consultants,Egypt & KSA,,,
?????? ??????? ????????? ??????? ???????????,?????? ??????? ????????? ??????? ???????????,,consultants,Egypt & KSA,,,
info@aremco.com.sa,info@aremco.com.sa,,consultants,Egypt & KSA,,,
???? ??? ???????,???? ??? ???????,,consultants,Egypt & KSA,,,
info@hala.com.sa,info@hala.com.sa,,consultants,Egypt & KSA,,,
???? ??? ???????,???? ??? ???????,,consultants,Egypt & KSA,,,
info@halaexpress.com.sa,info@halaexpress.com.sa,,consultants,Egypt & KSA,,,
???? ?????? ??????? ????????,???? ?????? ??????? ????????,,consultants,Egypt & KSA,,,
info@arabianhomes.com.sa,info@arabianhomes.com.sa,,consultants,Egypt & KSA,,,
???? ?????? ??????? ????????,???? ?????? ??????? ????????,,consultants,Egypt & KSA,,,
info@ahomes.com.sa,info@ahomes.com.sa,,consultants,Egypt & KSA,,,
???? ?????? ??????? ????????,???? ?????? ??????? ????????,,consultants,Egypt & KSA,,,
info@arabian-homes.com.sa,info@arabian-homes.com.sa,,consultants,Egypt & KSA,,,
?????? ??????? ??????? ??????? ???????? ????????,?????? ??????? ??????? ??????? ???????? ????????,,consultants,Egypt & KSA,,,
info@arabnationaledutrain.com.sa,info@arabnationaledutrain.com.sa,,consultants,Egypt & KSA,,,
?????? ??????? ?????? ????????? ????????-?????,?????? ??????? ?????? ????????? ????????-?????,,consultants,Egypt & KSA,,,
info@aplaco.com.sa,info@aplaco.com.sa,,consultants,Egypt & KSA,,,
???? ?????? ??????? ?????????,???? ?????? ??????? ?????????,,consultants,Egypt & KSA,,,
info@arc-shabanat.com.sa,info@arc-shabanat.com.sa,,consultants,Egypt & KSA,,,
?????? ??? ???????,?????? ??? ???????,,consultants,Egypt & KSA,,,
info@arabiansas.com.sa,info@arabiansas.com.sa,,consultants,Egypt & KSA,,,
???? ???????? ??????? ??????? ????????,???? ???????? ??????? ??????? ????????,,consultants,Egypt & KSA,,,
info@asg-group.com.sa,info@asg-group.com.sa,,consultants,Egypt & KSA,,,
???? ??????? ???????? ??????? ????????,???? ??????? ???????? ??????? ????????,,consultants,Egypt & KSA,,,
info@arabiansounds.com.sa,info@arabiansounds.com.sa,,consultants,Egypt & KSA,,,
???? ??????? ???????? ??????? ????????,???? ??????? ???????? ??????? ????????,,consultants,Egypt & KSA,,,
info@aslco.com.sa,info@aslco.com.sa,,consultants,Egypt & KSA,,,
?????? ??????? ????????? ?????? ( ???? (,?????? ??????? ????????? ?????? ( ???? (,,consultants,Egypt & KSA,,,
info@artec.com.sa,info@artec.com.sa,,consultants,Egypt & KSA,,,
????? ???? ????????? ??????? ???? ??? ???????,????? ???? ????????? ??????? ???? ??? ???????,,consultants,Egypt & KSA,,,
info@alarifi.com.sa,info@alarifi.com.sa,,consultants,Egypt & KSA,,,
????? ???? ????????? ??????? ???? ??? ???????,????? ???? ????????? ??????? ???? ??? ???????,,consultants,Egypt & KSA,,,
info@gazeel.com.sa,info@gazeel.com.sa,,consultants,Egypt & KSA,,,
?????? ????? ??????? ????????,?????? ????? ??????? ????????,,consultants,Egypt & KSA,,,
info@arkan.com.sa,info@arkan.com.sa,,consultants,Egypt & KSA,,,
????? ?????? ??????? ??????????,????? ?????? ??????? ??????????,,consultants,Egypt & KSA,????? ???? ??????? ??????????,,
info@arrimal.com.sa,info@arrimal.com.sa,,consultants,Egypt & KSA,,,
???? ?????? ???????,???? ?????? ???????,,consultants,Egypt & KSA,,,
info@ardco.com.sa,info@ardco.com.sa,,consultants,Egypt & KSA,,,
???? ???? ???????? ????????,???? ???? ???????? ????????,,consultants,Egypt & KSA,,,
info@asas.com.sa,info@asas.com.sa,,consultants,Egypt & KSA,,,
????? ???? ???? ?? ???,????? ???? ???? ?? ???,,consultants,Egypt & KSA,,,
info@abh.com.sa,info@abh.com.sa,,consultants,Egypt & KSA,,,
????? ?????? ???????,????? ?????? ???????,,consultants,Egypt & KSA,,,
info@athco.com.sa,info@athco.com.sa,,consultants,Egypt & KSA,,,
????? ???? ??????? ?????,????? ???? ??????? ?????,,consultants,Egypt & KSA,,,
info@madini.com.sa,info@madini.com.sa,,consultants,Egypt & KSA,,,
????? ????? ?????????,????? ????? ?????????,,consultants,Egypt & KSA,,,
info@azmeel.com.sa,info@azmeel.com.sa,,consultants,Egypt & KSA,,,
??? ???? ????? ??? ??,??? ???? ????? ??? ??,,consultants,Egypt & KSA,,,
info@buhler.com.sa,info@buhler.com.sa,,consultants,Egypt & KSA,,,
????? ???? ??????? ????????,????? ???? ??????? ????????,,consultants,Egypt & KSA,,,
info@mysite.com.sa,info@mysite.com.sa,,consultants,Egypt & KSA,,,
???? ???? ???????,???? ???? ???????,,consultants,Egypt & KSA,,,
info@badad.com.sa,info@badad.com.sa,,consultants,Egypt & KSA,,,
???? ??? ????????,???? ??? ????????,,consultants,Egypt & KSA,,,
info@lazm.com.sa,info@lazm.com.sa,,consultants,Egypt & KSA,,,
???? ???? ?? ???? ??????? ?????? ???????,???? ???? ?? ???? ??????? ?????? ???????,,consultants,Egypt & KSA,,,
info@baharoon.com.sa,info@baharoon.com.sa,,consultants,Egypt & KSA,,,
???? ???????? ????????,???? ???????? ????????,,consultants,Egypt & KSA,,,
info@albahrawi.com.sa,info@albahrawi.com.sa,,consultants,Egypt & KSA,,,
???? ?????? ????? ???? ? ??,???? ?????? ????? ???? ? ??,,consultants,Egypt & KSA,,,
info@ballast-nedam.com.sa,info@ballast-nedam.com.sa,,consultants,Egypt & KSA,,,
???? ?????? ??????? ??????????,???? ?????? ??????? ??????????,,consultants,Egypt & KSA,,,
info@belhasa.com.sa,info@belhasa.com.sa,,consultants,Egypt & KSA,,,
????? ????????? ??? ??????,????? ????????? ??? ??????,,consultants,Egypt & KSA,,,
info@bently.com.sa,info@bently.com.sa,,consultants,Egypt & KSA,,,
???? ???? ??????? ????????,???? ???? ??????? ????????,,consultants,Egypt & KSA,,,
info@biad.com.sa,info@biad.com.sa,,consultants,Egypt & KSA,,,
???? ?? ?????? ????????,???? ?? ?????? ????????,,consultants,Egypt & KSA,,,
info@binsulai.com.sa,info@binsulai.com.sa,,consultants,Egypt & KSA,,,
???? ?? ???? ?????? ?????,???? ?? ???? ?????? ?????,,consultants,Egypt & KSA,,,
info@bintami.com.sa,info@bintami.com.sa,,consultants,Egypt & KSA,,,
???? ?? ???? ????????? ??????? ?????????? ????????,???? ?? ???? ????????? ??????? ?????????? ????????,,consultants,Egypt & KSA,,,
info@btc.com.sa,info@btc.com.sa,,consultants,Egypt & KSA,,,
???? ?????? ???????? ????????,???? ?????? ???????? ????????,,consultants,Egypt & KSA,,,
info@cee.com.sa,info@cee.com.sa,,consultants,Egypt & KSA,,,
???? ????? ????? ?????? ???????? ???????,???? ????? ????? ?????? ???????? ???????,,consultants,Egypt & KSA,,,
info@cordoba.com.sa,info@cordoba.com.sa,,consultants,Egypt & KSA,,,
???? ????? ?????,???? ????? ?????,,consultants,Egypt & KSA,,,
info@casador4u.com.sa,info@casador4u.com.sa,,consultants,Egypt & KSA,,,
???? ??????? ????????????,???? ??????? ????????????,,consultants,Egypt & KSA,,,
info@cts.com.sa,info@cts.com.sa,,consultants,Egypt & KSA,,,
???? ????? ??????? ??????? ????????,???? ????? ??????? ??????? ????????,,consultants,Egypt & KSA,,,
info@cart.com.sa,info@cart.com.sa,,consultants,Egypt & KSA,,,
???? ????? ?????????,???? ????? ?????????,,consultants,Egypt & KSA,,,
info@ccc.com.sa,info@ccc.com.sa,,consultants,Egypt & KSA,,,
????? ??? ????????,????? ??? ????????,,consultants,Egypt & KSA,,,
info@soffers.com.sa,info@soffers.com.sa,,consultants,Egypt & KSA,,,
???? ??? ??????? ?????????? ????????,???? ??? ??????? ?????????? ????????,,consultants,Egypt & KSA,,,
info@dom.com.sa,info@dom.com.sa,,consultants,Egypt & KSA,,,
???? ?????? ????,???? ?????? ????,,consultants,Egypt & KSA,,,
info@dalma.com.sa,info@dalma.com.sa,,consultants,Egypt & KSA,,,
???? ?????? ????????? ????????,???? ?????? ????????? ????????,,consultants,Egypt & KSA,,,
info@albaraka.com.sa,info@albaraka.com.sa,,consultants,Egypt & KSA,,,
????? ??? ??????? ??????? ?????? ??????,????? ??? ??????? ??????? ?????? ??????,,consultants,Egypt & KSA,,,
info@daralasek.com.sa,info@daralasek.com.sa,,consultants,Egypt & KSA,,,
????? ??? ??????? ??????? ?????? ??????,????? ??? ??????? ??????? ?????? ??????,,consultants,Egypt & KSA,,,
info@sdors.com.sa,info@sdors.com.sa,,consultants,Egypt & KSA,,,
??? ???????? ?????????,??? ???????? ?????????,,consultants,Egypt & KSA,,,
info@daralnasriya.com.sa,info@daralnasriya.com.sa,,consultants,Egypt & KSA,,,
????? ???? ??????? ??????????,????? ???? ??????? ??????????,,consultants,Egypt & KSA,,,
info@dari.com.sa,info@dari.com.sa,,consultants,Egypt & KSA,,,
???? ??? ??????? ??????????,???? ??? ??????? ??????????,,consultants,Egypt & KSA,,,
info@deem.com.sa,info@deem.com.sa,,consultants,Egypt & KSA,,,
????? ???? ??????? ??????????,????? ???? ??????? ??????????,,consultants,Egypt & KSA,,,
info@deema-electrical.com.sa,info@deema-electrical.com.sa,,consultants,Egypt & KSA,,,
???? ?????? ???????? ????????( ??????? (,???? ?????? ???????? ????????( ??????? (,,consultants,Egypt & KSA,,,
info@detasad.com.sa,info@detasad.com.sa,,consultants,Egypt & KSA,,,
????? ??? ?????????,????? ??? ?????????,,consultants,Egypt & KSA,,,
info@alsabhan.com.sa,info@alsabhan.com.sa,,consultants,Egypt & KSA,,,
???? ?????? ???????,???? ?????? ???????,,consultants,Egypt & KSA,,,
info@dsco.com.sa,info@dsco.com.sa,,consultants,Egypt & KSA,,,
???? ??? ?????? ??????? ???????,???? ??? ?????? ??????? ???????,,consultants,Egypt & KSA,,,
info@durrat-arriyadh.com.sa,info@durrat-arriyadh.com.sa,,consultants,Egypt & KSA,,,
???? ?????? ??????? ????????,???? ?????? ??????? ????????,,consultants,Egypt & KSA,,,
info@dywidag.com.sa,info@dywidag.com.sa,,consultants,Egypt & KSA,,,
???? ????? ??????? ???????????,???? ????? ??????? ???????????,,consultants,Egypt & KSA,,,
info@eemco.com.sa,info@eemco.com.sa,,consultants,Egypt & KSA,,,
????? ????,????? ????,,consultants,Egypt & KSA,,,
info@exposerv.com.sa,info@exposerv.com.sa,,consultants,Egypt & KSA,,,
????? ????? ?????? ??????? ??????????,????? ????? ?????? ??????? ??????????,,consultants,Egypt & KSA,,,
info@eastwest.com.sa,info@eastwest.com.sa,,consultants,Egypt & KSA,,,
???? ??? ?????????,???? ??? ?????????,,consultants,Egypt & KSA,,,
info@eidvillas.com.sa,info@eidvillas.com.sa,,consultants,Egypt & KSA,,,
????? ?? ??? ??????? ???????,????? ?? ??? ??????? ???????,,consultants,Egypt & KSA,,,
info@el-seif.com.sa,info@el-seif.com.sa,,consultants,Egypt & KSA,,,
???? ??? ??????? ??????,???? ??? ??????? ??????,,consultants,Egypt & KSA,,,
info@el-faleh.com.sa,info@el-faleh.com.sa,,consultants,Egypt & KSA,,,
???? ?????????? ????????,???? ?????????? ????????,,consultants,Egypt & KSA,,,
info@electrolux.com.sa,info@electrolux.com.sa,,consultants,Egypt & KSA,,,
?????? ???????,?????? ???????,,consultants,Egypt & KSA,,,
info@elkhereiji.com.sa,info@elkhereiji.com.sa,,consultants,Egypt & KSA,,,
???? ?????? ??????? ?????? ???????,???? ?????? ??????? ?????? ???????,,consultants,Egypt & KSA,,,
info@elmexal.com.sa,info@elmexal.com.sa,,consultants,Egypt & KSA,,,
???? ??? ?????? ????????,???? ??? ?????? ????????,,consultants,Egypt & KSA,,,
info@energico.com.sa,info@energico.com.sa,,consultants,Egypt & KSA,,,
???? ???? ????? ?????? ????? ??????? ????????,???? ???? ????? ?????? ????? ??????? ????????,,consultants,Egypt & KSA,,,
info@unitech.com.sa,info@unitech.com.sa,,consultants,Egypt & KSA,,,
????? ???????? ?????????? ??????,????? ???????? ?????????? ??????,,consultants,Egypt & KSA,,,
info@etec.com.sa,info@etec.com.sa,,consultants,Egypt & KSA,,,
???? ?????? ???????? ??????,???? ?????? ???????? ??????,,consultants,Egypt & KSA,,,
info@eurovillage.com.sa,info@eurovillage.com.sa,,consultants,Egypt & KSA,,,
???? ?????? ??????? ?????????? ????????,???? ?????? ??????? ?????????? ????????,,consultants,Egypt & KSA,,,
info@ect.com.sa,info@ect.com.sa,,consultants,Egypt & KSA,,,
???? ????? ???? ???? ???????? ??????? ??????????,???? ????? ???? ???? ???????? ??????? ??????????,,consultants,Egypt & KSA,,,
info@fmq.com.sa,info@fmq.com.sa,,consultants,Egypt & KSA,,,
???? ??? ??????? ???????,???? ??? ??????? ???????,,consultants,Egypt & KSA,,,
info@falgroup.com.sa,info@falgroup.com.sa,,consultants,Egypt & KSA,,,
????? ??? ?????????,????? ??? ?????????,,consultants,Egypt & KSA,,,
info@fouq.com.sa,info@fouq.com.sa,,consultants,Egypt & KSA,,,
????? ???? ??????? ??????????,????? ???? ??????? ??????????,,consultants,Egypt & KSA,,,
info@faden.com.sa,info@faden.com.sa,,consultants,Egypt & KSA,,,
????? ??? ?????? ?????????,????? ??? ?????? ?????????,,consultants,Egypt & KSA,,,
info@fus.com.sa,info@fus.com.sa,,consultants,Egypt & KSA,,,
?????? ???? ?? ??????? ???????? ?????????,?????? ???? ?? ??????? ???????? ?????????,,consultants,Egypt & KSA,,,
info@fg.com.sa,info@fg.com.sa,,consultants,Egypt & KSA,,,
???? ?????? ???? ???????,???? ?????? ???? ???????,,consultants,Egypt & KSA,,,
info@fama.com.sa,info@fama.com.sa,,consultants,Egypt & KSA,,,
???? ???? ????????? ?????? ??????,???? ???? ????????? ?????? ??????,,consultants,Egypt & KSA,,,
info@alhokair.com.sa,info@alhokair.com.sa,,consultants,Egypt & KSA,,,
???? ???? ????? ???? ????????,???? ???? ????? ???? ????????,,consultants,Egypt & KSA,,,
info@naseej-fur-fabrics.com.sa,info@naseej-fur-fabrics.com.sa,,consultants,Egypt & KSA,,,
???? ??????? ???????? ???????,???? ??????? ???????? ???????,,consultants,Egypt & KSA,,,
info@fsa.com.sa,info@fsa.com.sa,,consultants,Egypt & KSA,,,
????? ???? ???????? ?????????,????? ???? ???????? ?????????,,consultants,Egypt & KSA,,,
info@futurehorizons.com.sa,info@futurehorizons.com.sa,,consultants,Egypt & KSA,,,
???? ???? ??????? ???????,???? ???? ??????? ???????,,consultants,Egypt & KSA,,,
info@gama.com.sa,info@gama.com.sa,,consultants,Egypt & KSA,,,
???? ????????? ??????,???? ????????? ??????,,consultants,Egypt & KSA,,,
info@scania.com.sa,info@scania.com.sa,,consultants,Egypt & KSA,,,
???? ????? ?????? ??????? ???????? ????????,???? ????? ?????? ??????? ???????? ????????,,consultants,Egypt & KSA,,,
info@gemedico.com.sa,info@gemedico.com.sa,,consultants,Egypt & KSA,,,
???? ???????? ???????? ??????,???? ???????? ???????? ??????,,consultants,Egypt & KSA,,,
info@getco.com.sa,info@getco.com.sa,,consultants,Egypt & KSA,,,
????? ??????? ??????,????? ??????? ??????,,consultants,Egypt & KSA,,,
info@gen-inst-est.com.sa,info@gen-inst-est.com.sa,,consultants,Egypt & KSA,,,
????,????,,consultants,Egypt & KSA,,,
info@gentec.com.sa,info@gentec.com.sa,,consultants,Egypt & KSA,,,
???? ???? ??????? ??????????,???? ???? ??????? ??????????,,consultants,Egypt & KSA,,,
info@geyad.com.sa,info@geyad.com.sa,,consultants,Egypt & KSA,,,
???? ????? ????????? ???????? ????????? ????????,???? ????? ????????? ???????? ????????? ????????,,consultants,Egypt & KSA,,,
info@gcm.com.sa,info@gcm.com.sa,,consultants,Egypt & KSA,,,
???? ??????? ??????? ??????? ??????????,???? ??????? ??????? ??????? ??????????,,consultants,Egypt & KSA,,,
info@goldengrass.com.sa,info@goldengrass.com.sa,,consultants,Egypt & KSA,,,
???? ??????? ??????? ??????? ??????????,???? ??????? ??????? ??????? ??????????,,consultants,Egypt & KSA,,,
info@ggi.com.sa,info@ggi.com.sa,,consultants,Egypt & KSA,,,
???? ??????? ??????? ??????? ??????????,???? ??????? ??????? ??????? ??????????,,consultants,Egypt & KSA,,,
info@gginc.com.sa,info@gginc.com.sa,,consultants,Egypt & KSA,,,
???? ??????? ??????? ??????? ??????????,???? ??????? ??????? ??????? ??????????,,consultants,Egypt & KSA,,,
info@goldengrassinc.com.sa,info@goldengrassinc.com.sa,,consultants,Egypt & KSA,,,
???? ??????? ??????? ??????? ??????????,???? ??????? ??????? ??????? ??????????,,consultants,Egypt & KSA,,,
info@almaharah.com.sa,info@almaharah.com.sa,,consultants,Egypt & KSA,,,
???? ????? ??????? ??????? ?????? ????????,???? ????? ??????? ??????? ?????? ????????,,consultants,Egypt & KSA,,,
info@greentop.com.sa,info@greentop.com.sa,,consultants,Egypt & KSA,,,
???? ????? ?????? ??????? ??????????,???? ????? ?????? ??????? ??????????,,consultants,Egypt & KSA,,,
info@gdc.com.sa,info@gdc.com.sa,,consultants,Egypt & KSA,,,
???? ????? ?????? ??????? ??????????,???? ????? ?????? ??????? ??????????,,consultants,Egypt & KSA,,,
info@gdtc.com.sa,info@gdtc.com.sa,,consultants,Egypt & KSA,,,
????? ??? ??????? ??????????,????? ??? ??????? ??????????,,consultants,Egypt & KSA,,,
info@haif.com.sa,info@haif.com.sa,,consultants,Egypt & KSA,,,
????? ??? ???? ??????? ??????,????? ??? ???? ??????? ??????,,consultants,Egypt & KSA,,,
info@homepac.com.sa,info@homepac.com.sa,,consultants,Egypt & KSA,,,
???? ???? ??????? ????????,???? ???? ??????? ????????,,consultants,Egypt & KSA,,,
info@enow.com.sa,info@enow.com.sa,,consultants,Egypt & KSA,,,
???? ????? ??? ????????? ???????? ??????? ??????????,???? ????? ??? ????????? ???????? ??????? ??????????,,consultants,Egypt & KSA,,,
info@lazord.com.sa,info@lazord.com.sa,,consultants,Egypt & KSA,,,
????? ?????? ????????,????? ?????? ????????,,consultants,Egypt & KSA,,,
info@hatcon.com.sa,info@hatcon.com.sa,,consultants,Egypt & KSA,,,
???? ????? ????? ?????? ????????,???? ????? ????? ?????? ????????,,consultants,Egypt & KSA,,,
info@hafab.com.sa,info@hafab.com.sa,,consultants,Egypt & KSA,,,
???? ????? ????? ??????? ????????,???? ????? ????? ??????? ????????,,consultants,Egypt & KSA,,,
info@tatweer.com.sa,info@tatweer.com.sa,,consultants,Egypt & KSA,,,
???? ????? ???? ??????? ??????,???? ????? ???? ??????? ??????,,consultants,Egypt & KSA,,,
info@altheyab.com.sa,info@altheyab.com.sa,,consultants,Egypt & KSA,,,
???? ????? ??????? ???? ?????,???? ????? ??????? ???? ?????,,consultants,Egypt & KSA,,,
info@boumarah.com.sa,info@boumarah.com.sa,,consultants,Egypt & KSA,,,
????? ????? ????????? ??????,????? ????? ????????? ??????,,consultants,Egypt & KSA,,,
info@ifad.com.sa,info@ifad.com.sa,,consultants,Egypt & KSA,,,
????? ????? ?????? ????????? ??????,????? ????? ?????? ????????? ??????,,consultants,Egypt & KSA,,,
info@iecc.com.sa,info@iecc.com.sa,,consultants,Egypt & KSA,,,
???? ????????? ??????? ???????,???? ????????? ??????? ???????,,consultants,Egypt & KSA,,,
info@iscosa.com.sa,info@iscosa.com.sa,,consultants,Egypt & KSA,,,
????? ??????? ?????????,????? ??????? ?????????,,consultants,Egypt & KSA,,,
info@ishada.com.sa,info@ishada.com.sa,,consultants,Egypt & KSA,,,
????? ??????? ????? ?????????,????? ??????? ????? ?????????,,consultants,Egypt & KSA,,,
info@jabrco.com.sa,info@jabrco.com.sa,,consultants,Egypt & KSA,,,
????? ??????? ???????,????? ??????? ???????,,consultants,Egypt & KSA,,,
info@alshanifi.com.sa,info@alshanifi.com.sa,,consultants,Egypt & KSA,,,
????? ??????? ???? ??????? ????????,????? ??????? ???? ??????? ????????,,consultants,Egypt & KSA,,,
info@ibrahimalnajran.com.sa,info@ibrahimalnajran.com.sa,,consultants,Egypt & KSA,,,
???? ????????? ?? ??? ???,???? ????????? ?? ??? ???,,consultants,Egypt & KSA,,,
info@impregilo.com.sa,info@impregilo.com.sa,,consultants,Egypt & KSA,,,
???? ????? ????????,???? ????? ????????,,consultants,Egypt & KSA,,,
info@inara.com.sa,info@inara.com.sa,,consultants,Egypt & KSA,,,
????? ????? ????????? ????????,????? ????? ????????? ????????,,consultants,Egypt & KSA,,,
info@icsgroup.com.sa,info@icsgroup.com.sa,,consultants,Egypt & KSA,,,
????? ????? ????????? ????????,????? ????? ????????? ????????,,consultants,Egypt & KSA,,,
info@work.com.sa,info@work.com.sa,,consultants,Egypt & KSA,,,
???? ???? ????? ??????? ??????? ????????,???? ???? ????? ??????? ??????? ????????,,consultants,Egypt & KSA,,,
info@inmalumber.com.sa,info@inmalumber.com.sa,,consultants,Egypt & KSA,,,
???? ?????????? ????? ????????,???? ?????????? ????? ????????,,consultants,Egypt & KSA,,,
info@inmaelectronics.com.sa,info@inmaelectronics.com.sa,,consultants,Egypt & KSA,,,
???? ?????????? ????? ????????,???? ?????????? ????? ????????,,consultants,Egypt & KSA,,,
info@inmaelec.com.sa,info@inmaelec.com.sa,,consultants,Egypt & KSA,,,
???? ?????? ???????? ????????,???? ?????? ???????? ????????,,consultants,Egypt & KSA,,,
info@inmagallery.com.sa,info@inmagallery.com.sa,,consultants,Egypt & KSA,,,
???? ?????? ?????,???? ?????? ?????,,consultants,Egypt & KSA,,,
info@inmatechnologies.com.sa,info@inmatechnologies.com.sa,,consultants,Egypt & KSA,,,
???? ????????? ????????? ????????,???? ????????? ????????? ????????,,consultants,Egypt & KSA,,,
info@iccoltd.com.sa,info@iccoltd.com.sa,,consultants,Egypt & KSA,,,
????? ??? ??????? ??????? ?????????,????? ??? ??????? ??????? ?????????,,consultants,Egypt & KSA,,,
info@ict.com.sa,info@ict.com.sa,,consultants,Egypt & KSA,,,
???? ???? ????? ?????? ????????? ????????,???? ???? ????? ?????? ????????? ????????,,consultants,Egypt & KSA,,,
info@alkabbani.com.sa,info@alkabbani.com.sa,,consultants,Egypt & KSA,,,
??????? ????????,??????? ????????,,consultants,Egypt & KSA,,,
info@jabria.com.sa,info@jabria.com.sa,,consultants,Egypt & KSA,,,
???? ????? ?????? ????????,???? ????? ?????? ????????,,consultants,Egypt & KSA,,,
info@jadawel.com.sa,info@jadawel.com.sa,,consultants,Egypt & KSA,,,
????? ????? ??? ??????? ?????????,????? ????? ??? ??????? ?????????,,consultants,Egypt & KSA,,,
info@jalinternational.com.sa,info@jalinternational.com.sa,,consultants,Egypt & KSA,,,
???? ??? ???????,???? ??? ???????,,consultants,Egypt & KSA,,,
info@janaholding.com.sa,info@janaholding.com.sa,,consultants,Egypt & KSA,,,
????? ????? ??????? ????????,????? ????? ??????? ????????,,consultants,Egypt & KSA,,,
info@jaco.com.sa,info@jaco.com.sa,,consultants,Egypt & KSA,,,
???? ????? ??????? ??????? ?????????? ????????,???? ????? ??????? ??????? ?????????? ????????,,consultants,Egypt & KSA,,,
info@jazirah-gate.com.sa,info@jazirah-gate.com.sa,,consultants,Egypt & KSA,,,
???? ????? ?????????? ( ??? ???? ?????? ( ????????,???? ????? ?????????? ( ??? ???? ?????? ( ????????,,consultants,Egypt & KSA,,,
info@jandp.com.sa,info@jandp.com.sa,,consultants,Egypt & KSA,,,
????? ????? ??????? ??????????,????? ????? ??????? ??????????,,consultants,Egypt & KSA,,,
info@jitc.com.sa,info@jitc.com.sa,,consultants,Egypt & KSA,,,
???? ??? ??????? ???????,???? ??? ??????? ???????,,consultants,Egypt & KSA,,,
info@fiatavio-kts.com.sa,info@fiatavio-kts.com.sa,,consultants,Egypt & KSA,,,
???? ???? ??? ?????? ???????,???? ???? ??? ?????? ???????,,consultants,Egypt & KSA,,,
info@kaalturkisons.com.sa,info@kaalturkisons.com.sa,,consultants,Egypt & KSA,,,
???? ???? ??? ?????? ???????,???? ???? ??? ?????? ???????,,consultants,Egypt & KSA,,,
info@kaasco.com.sa/,info@kaasco.com.sa/,,consultants,Egypt & KSA,,,
???? ????,???? ????,,consultants,Egypt & KSA,,,
info@kheldah.com.sa,info@kheldah.com.sa,,consultants,Egypt & KSA,,,
???? ??????? ????????,???? ??????? ????????,,consultants,Egypt & KSA,,,
info@khonaini.com.sa,info@khonaini.com.sa,,consultants,Egypt & KSA,,,
???? ?????? ???????,???? ?????? ???????,,consultants,Egypt & KSA,,,
info@kingdomcentre.com.sa,info@kingdomcentre.com.sa,,consultants,Egypt & KSA,,,
????? ???? ???????,????? ???? ???????,,consultants,Egypt & KSA,,,
info@lamah.com.sa,info@lamah.com.sa,,consultants,Egypt & KSA,,,
????? ?????? ?????????,????? ?????? ?????????,,consultants,Egypt & KSA,,,
info@laser.com.sa,info@laser.com.sa,,consultants,Egypt & KSA,,,
???? ???? ?????????? ????? ????????,???? ???? ?????????? ????? ????????,,consultants,Egypt & KSA,,,
info@albawardi.com.sa,info@albawardi.com.sa,,consultants,Egypt & KSA,,,
????? ???? ???? ??????? ?????????,????? ???? ???? ??????? ?????????,,consultants,Egypt & KSA,,,
info@mrk.com.sa,info@mrk.com.sa,,consultants,Egypt & KSA,,,
????? ????? ???????,????? ????? ???????,,consultants,Egypt & KSA,,,
info@mmgroup.com.sa,info@mmgroup.com.sa,,consultants,Egypt & KSA,,,
?? ?? ?????? ????? ???????? ???????? ????????,?? ?? ?????? ????? ???????? ???????? ????????,,consultants,Egypt & KSA,,,
info@saudiega.com.sa,info@saudiega.com.sa,,consultants,Egypt & KSA,,,
????? ???? ???????,????? ???? ???????,,consultants,Egypt & KSA,,,
info@makkia.com.sa,info@makkia.com.sa,,consultants,Egypt & KSA,,,
???? ???????? ??????? ???????? ( ?????? (,???? ???????? ??????? ???????? ( ?????? (,,consultants,Egypt & KSA,,,
info@masaco.com.sa,info@masaco.com.sa,,consultants,Egypt & KSA,,,
???? ????? ?????? ????????,???? ????? ?????? ????????,,consultants,Egypt & KSA,,,
info@marco.com.sa,info@marco.com.sa,,consultants,Egypt & KSA,,,
????? ????? ?????? ????????????,????? ????? ?????? ????????????,,consultants,Egypt & KSA,,,
info@mashail.com.sa,info@mashail.com.sa,,consultants,Egypt & KSA,,,
????? ????? ?????? ????????????,????? ????? ?????? ????????????,,consultants,Egypt & KSA,,,
info@mak.com.sa,info@mak.com.sa,,consultants,Egypt & KSA,,,
????? ????? ?????? ?????????,????? ????? ?????? ?????????,,consultants,Egypt & KSA,,,
info@meg.com.sa,info@meg.com.sa,,consultants,Egypt & KSA,,,
???? ??? ?????? ??????? ????????,???? ??? ?????? ??????? ????????,,consultants,Egypt & KSA,,,
info@midworld.com.sa,info@midworld.com.sa,,consultants,Egypt & KSA,,,
???? ????? ??????? ????????? ????????? ????????,???? ????? ??????? ????????? ????????? ????????,,consultants,Egypt & KSA,,,
info@mimspitr.com.sa,info@mimspitr.com.sa,,consultants,Egypt & KSA,,,
?????? ??????? ???????,?????? ??????? ???????,,consultants,Egypt & KSA,,,
info@mac-sa.com.sa,info@mac-sa.com.sa,,consultants,Egypt & KSA,,,
???? ????????? ???????? ??????? ??????? ????????,???? ????????? ???????? ??????? ??????? ????????,,consultants,Egypt & KSA,,,
info@mact.com.sa,info@mact.com.sa,,consultants,Egypt & KSA,,,
????? ???? ?????? ???????? ??????,????? ???? ?????? ???????? ??????,,consultants,Egypt & KSA,,,
info@mazco-sepam.com.sa,info@mazco-sepam.com.sa,,consultants,Egypt & KSA,,,
????? ???? ?? ?????,????? ???? ?? ?????,,consultants,Egypt & KSA,,,
info@bingarboo.com.sa,info@bingarboo.com.sa,,consultants,Egypt & KSA,,,
???? ???? ???????? ??????? ???????,???? ???? ???????? ??????? ???????,,consultants,Egypt & KSA,,,
info@alsubeaei.com.sa,info@alsubeaei.com.sa,,consultants,Egypt & KSA,,,
???? ???? ????? ??????? ??????? ??????????,???? ???? ????? ??????? ??????? ??????????,,consultants,Egypt & KSA,,,
info@masco.com.sa,info@masco.com.sa,,consultants,Egypt & KSA,,,
????? ???? ??????? ??????? ??????????,????? ???? ??????? ??????? ??????????,,consultants,Egypt & KSA,,,
info@oceetee.com.sa,info@oceetee.com.sa,,consultants,Egypt & KSA,,,
????? ???? ??????,????? ???? ??????,,consultants,Egypt & KSA,,,
info@mazco.com.sa,info@mazco.com.sa,,consultants,Egypt & KSA,,,
???? ???? ?? ????,???? ???? ?? ????,,consultants,Egypt & KSA,,,
info@mblc.com.sa,info@mblc.com.sa,,consultants,Egypt & KSA,,,
????? ???? ??? ?????? ??????? ??????????,????? ???? ??? ?????? ??????? ??????????,,consultants,Egypt & KSA,,,
info@alamry.com.sa,info@alamry.com.sa,,consultants,Egypt & KSA,,,
????? ????? ??? ??????? ?????????,????? ????? ??? ??????? ?????????,,consultants,Egypt & KSA,,,
info@al-khaldi.com.sa,info@al-khaldi.com.sa,,consultants,Egypt & KSA,,,
????? ????? ??? ??????? ?????????,????? ????? ??? ??????? ?????????,,consultants,Egypt & KSA,,,
info@mzk.com.sa,info@mzk.com.sa,,consultants,Egypt & KSA,,,
???? ??????? ?????????,???? ??????? ?????????,,consultants,Egypt & KSA,,,
info@mcj.com.sa,info@mcj.com.sa,,consultants,Egypt & KSA,,,
,,,,,,,
,,,,,,,
,,,,,,,
,,,,,,,
,,,,,,,
,,,,,,,
,,,,,,,
,,,,,,,
,,,,,,,
,,,,,,,
,,,,,,,
,,,,,,,
,,,,,,,
,,,,,,,
,,,,,,,
,,,,,,,
,,,,,,,
,,,,,,,
,,,,,,,
,,,,,,,
,,,,,,,
,,,,,,,
,,,,,,,
,,,,,,,
,,,,,,,
,,,,,,,
,,,,,,,
,,,,,,,
,,,,,,,
,,,,,,,
,,,,,,,
,,,,,,,
,,,,,,,
,,,,,,,
,,,,,,,
,,,,,,,
,,,,,,,
,,,,,,,
,,,,,,,
,,,,,,,
,,,,,,,
,,,,,,,
,,,,,,,
,,,,,,,
,,,,,,,
,,,,,,,
,,,,,,,
,,,,,,,
,,,,,,,
,,,,,,,
,,,,,,,
,,,,,,,
,,,,,,,
,,,,,,,
,,,,,,,
,,,,,,,
,,,,,,,
,,,,,,,
,,,,,,,
,,,,,,,
,,,,,,,
,,,,,,,
,,,,,,,
,,,,,,,
,,,,,,,
,,,,,,,
,,,,,,,
,,,,,,,
,,,,,,,
,,,,,,,
,,,,,,,
,,,,,,,
,,,,,,,
,,,,,,,
,,,,,,,
,,,,,,,
,,,,,,,
,,,,,,,
,,,,,,,
,,,,,,,
,,,,,,,
,,,,,,,
,,,,,,,
,,,,,,,
,,,,,,,
,,,,,,,
,,,,,,,
,,,,,,,
,,,,,,,
,,,,,,,
,,,,,,,
,,,,,,,
,,,,,,,
,,,,,,,
,,,,,,,
,,,,,,,
,,,,,,,
,,,,,,,
,,,,,,,
,,,,,,,
,,,,,,,
,,,,,,,
,,,,,,,
,,,,,,,
,,,,,,,
,,,,,,,
,,,,,,,
,,,,,,,
,,,,,,,
,,,,,,,
,,,,,,,
,,,,,,,
,,,,,,,
,,,,,,,
,,,,,,,
,,,,,,,
,,,,,,,
,,,,,,,
,,,,,,,
,,,,,,,
,,,,,,,
,,,,,,,
,,,,,,,
,,,,,,,
,,,,,,,
,,,,,,,
,,,,,,,
,,,,,,,
,,,,,,,
,,,,,,,
,,,,,,,
,,,,,,,
,,,,,,,
,,,,,,,
,,,,,,,
,,,,,,,
,,,,,,,
,,,,,,,
,,,,,,,
,,,,,,,
,,,,,,,
,,,,,,,
,,,,,,,
,,,,,,,
,,,,,,,
,,,,,,,
,,,,,,,
,,,,,,,
,,,,,,,
,,,,,,,
,,,,,,,
,,,,,,,
,,,,,,,
,,,,,,,
,,,,,,,
,,,,,,,
,,,,,,,
,,,,,,,
,,,,,,,
,,,,,,,
,,,,,,,
,,,,,,,
,,,,,,,
,,,,,,,
,,,,,,,
,,,,,,,
,,,,,,,
,,,,,,,
,,,,,,,
,,,,,,,
,,,,,,,
,,,,,,,
,,,,,,,
,,,,,,,
,,,,,,,
,,,,,,,
,,,,,,,
,,,,,,,
,,,,,,,
,,,,,,,
,,,,,,,
,,,,,,,
,,,,,,,
,,,,,,,
,,,,,,,
,,,,,,,
,,,,,,,
,,,,,,,
,,,,,,,
,,,,,,,
,,,,,,,
,,,,,,,
,,,,,,,
,,,,,,,
,,,,,,,
,,,,,,,
,,,,,,,
,,,,,,,
,,,,,,,
,,,,,,,
,,,,,,,
,,,,,,,
,,,,,,,
,,,,,,,
,,,,,,,
,,,,,,,
,,,,,,,
,,,,,,,
,,,,,,,
,,,,,,,
,,,,,,,
,,,,,,,
,,,,,,,
,,,,,,,
,,,,,,,
,,,,,,,
,,,,,,,
,,,,,,,
,,,,,,,
,,,,,,,
,,,,,,,
,,,,,,,
,,,,,,,
,,,,,,,
,,,,,,,
,,,,,,,
,,,,,,,
,,,,,,,
,,,,,,,
,,,,,,,
,,,,,,,
,,,,,,,
,,,,,,,
,,,,,,,
,,,,,,,
,,,,,,,
,,,,,,,
,,,,,,,
,,,,,,,
,,,,,,,
,,,,,,,
,,,,,,,
,,,,,,,
,,,,,,,
,,,,,,,
,,,,,,,
,,,,,,,
,,,,,,,
,,,,,,,
,,,,,,,
,,,,,,,
,,,,,,,
,,,,,,,
,,,,,,,
,,,,,,,
,,,,,,,
,,,,,,,
,,,,,,,
,,,,,,,
,,,,,,,
,,,,,,,
,,,,,,,
,,,,,,,
,,,,,,,
,,,,,,,
,,,,,,,
,,,,,,,
,,,,,,,
,,,,,,,
,,,,,,,
,,,,,,,
,,,,,,,
,,,,,,,
,,,,,,,
,,,,,,,
,,,,,,,
,,,,,,,
,,,,,,,
,,,,,,,
,,,,,,,
,,,,,,,
,,,,,,,
,,,,,,,
,,,,,,,
,,,,,,,
,,,,,,,
,,,,,,,
,,,,,,,
,,,,,,,
,,,,,,,
,,,,,,,
,,,,,,,
,,,,,,,
,,,,,,,
,,,,,,,
,,,,,,,
,,,,,,,
,,,,,,,
,,,,,,,
,,,,,,,
,,,,,,,
,,,,,,,
,,,,,,,
,,,,,,,
,,,,,,,
,,,,,,,
,,,,,,,
,,,,,,,
,,,,,,,
,,,,,,,
,,,,,,,
,,,,,,,
,,,,,,,
,,,,,,,
,,,,,,,
,,,,,,,
,,,,,,,
,,,,,,,
,,,,,,,
,,,,,,,
,,,,,,,
,,,,,,,
,,,,,,,
,,,,,,,
,,,,,,,
,,,,,,,
,,,,,,,
,,,,,,,
,,,,,,,
,,,,,,,
,,,,,,,
,,,,,,,
,,,,,,,
,,,,,,,
,,,,,,,
,,,,,,,
,,,,,,,
,,,,,,,
,,,,,,,
,,,,,,,
,,,,,,,
,,,,,,,
,,,,,,,
,,,,,,,
,,,,,,,
,,,,,,,
,,,,,,,
,,,,,,,
,,,,,,,
,,,,,,,
,,,,,,,
,,,,,,,
,,,,,,,
,,,,,,,
,,,,,,,
,,,,,,,
,,,,,,,
,,,,,,,
,,,,,,,
,,,,,,,
,,,,,,,
,,,,,,,
,,,,,,,
,,,,,,,
,,,,,,,
,,,,,,,
,,,,,,,
,,,,,,,
,,,,,,,
,,,,,,,
,,,,,,,
,,,,,,,
,,,,,,,
,,,,,,,
,,,,,,,
,,,,,,,
,,,,,,,
,,,,,,,
,,,,,,,
,,,,,,,
,,,,,,,
,,,,,,,
,,,,,,,
,,,,,,,
,,,,,,,
,,,,,,,
,,,,,,,
,,,,,,,
,,,,,,,
,,,,,,,
,,,,,,,
,,,,,,,
,,,,,,,
,,,,,,,
,,,,,,,
,,,,,,,
,,,,,,,
,,,,,,,
,,,,,,,
,,,,,,,
,,,,,,,
,,,,,,,
,,,,,,,
,,,,,,,
,,,,,,,
,,,,,,,
,,,,,,,
,,,,,,,
,,,,,,,
,,,,,,,
,,,,,,,
,,,,,,,
,,,,,,,
,,,,,,,
,,,,,,,
,,,,,,,
,,,,,,,
,,,,,,,
,,,,,,,
,,,,,,,
,,,,,,,
,,,,,,,
,,,,,,,
,,,,,,,
,,,,,,,
,,,,,,,
,,,,,,,
,,,,,,,
,,,,,,,
,,,,,,,
,,,,,,,
,,,,,,,
,,,,,,,
,,,,,,,
,,,,,,,
,,,,,,,
,,,,,,,
,,,,,,,
,,,,,,,
,,,,,,,
,,,,,,,
,,,,,,,
,,,,,,,
,,,,,,,
,,,,,,,
,,,,,,,
,,,,,,,
,,,,,,,
,,,,,,,
,,,,,,,
,,,,,,,
,,,,,,,
,,,,,,,
,,,,,,,
,,,,,,,
,,,,,,,
,,,,,,,
,,,,,,,
,,,,,,,
,,,,,,,
,,,,,,,
,,,,,,,
,,,,,,,
,,,,,,,
,,,,,,,
,,,,,,,
,,,,,,,
,,,,,,,
,,,,,,,
,,,,,,,
,,,,,,,
,,,,,,,
,,,,,,,
,,,,,,,
,,,,,,,
,,,,,,,
,,,,,,,
,,,,,,,
,,,,,,,
,,,,,,,
,,,,,,,
,,,,,,,
,,,,,,,
,,,,,,,
,,,,,,,
,,,,,,,
,,,,,,,
,,,,,,,
,,,,,,,
,,,,,,,
,,,,,,,
,,,,,,,
,,,,,,,
,,,,,,,
,,,,,,,
,,,,,,,
,,,,,,,
,,,,,,,
,,,,,,,
,,,,,,,
,,,,,,,
,,,,,,,
,,,,,,,
,,,,,,,
,,,,,,,
,,,,,,,
,,,,,,,
,,,,,,,
,,,,,,,
,,,,,,,
,,,,,,,
,,,,,,,
,,,,,,,
,,,,,,,
,,,,,,,
,,,,,,,
,,,,,,,
,,,,,,,
,,,,,,,
,,,,,,,
,,,,,,,
,,,,,,,
,,,,,,,
,,,,,,,
,,,,,,,
,,,,,,,
,,,,,,,
,,,,,,,
,,,,,,,
,,,,,,,
,,,,,,,
,,,,,,,
,,,,,,,
,,,,,,,
,,,,,,,
,,,,,,,
,,,,,,,
,,,,,,,
,,,,,,,
,,,,,,,
,,,,,,,
,,,,,,,
,,,,,,,
,,,,,,,
,,,,,,,
,,,,,,,
,,,,,,,
,,,,,,,
,,,,,,,
,,,,,,,
,,,,,,,
,,,,,,,
,,,,,,,
,,,,,,,
,,,,,,,
,,,,,,,
,,,,,,,
,,,,,,,
,,,,,,,
,,,,,,,
,,,,,,,
,,,,,,,
,,,,,,,
,,,,,,,
,,,,,,,
,,,,,,,
,,,,,,,
,,,,,,,
,,,,,,,
,,,,,,,
,,,,,,,
,,,,,,,
,,,,,,,
,,,,,,,
,,,,,,,
,,,,,,,
,,,,,,,
,,,,,,,
,,,,,,,
,,,,,,,
,,,,,,,
,,,,,,,
,,,,,,,
,,,,,,,
,,,,,,,
,,,,,,,
,,,,,,,
,,,,,,,
,,,,,,,
,,,,,,,
,,,,,,,
,,,,,,,
,,,,,,,
,,,,,,,
,,,,,,,
,,,,,,,
,,,,,,,
,,,,,,,
,,,,,,,
,,,,,,,
,,,,,,,
,,,,,,,
,,,,,,,
,,,,,,,
,,,,,,,
,,,,,,,
,,,,,,,
,,,,,,,
,,,,,,,
,,,,,,,
,,,,,,,
,,,,,,,
,,,,,,,
,,,,,,,
,,,,,,,
,,,,,,,
,,,,,,,
,,,,,,,
,,,,,,,
,,,,,,,
,,,,,,,
,,,,,,,
,,,,,,,
,,,,,,,
,,,,,,,
,,,,,???? ?????,,
